year,state,district,party,nominate-1,nominate-2
2000,AL,AL-01,R,0.412,0.266
2000,AL,AL-02,R,0.51,0.525
2000,AL,AL-03,R,0.498,0.58
2000,AL,AL-04,R,0.487,0.499
2000,AL,AL-05,D,-0.114,0.63
2000,AL,AL-06,R,0.533,0.166
2000,AL,AL-07,D,-0.508,0.678
2000,AK,AK-01,R,0.406,0.128
2000,AZ,AZ-01,R,0.973,0.113
2000,AZ,AZ-02,D,-0.422,0.133
2000,AZ,AZ-03,R,0.702,0.257
2000,AZ,AZ-04,R,0.858,0.109
2000,AZ,AZ-05,R,0.451,-0.548
2000,AZ,AZ-06,R,0.694,0.064
2000,AR,AR-01,D,-0.27,0.926
2000,AR,AR-02,D,-0.257,0.072
2000,AR,AR-03,R,0.467,0.032
2000,AR,AR-03,R,0.514,0.203
2000,AR,AR-04,D,-0.218,0.671
2000,CA,CA-01,D,-0.404,0.455
2000,CA,CA-02,R,0.662,0.288
2000,CA,CA-03,R,0.448,-0.449
2000,CA,CA-04,R,0.631,0.17
2000,CA,CA-05,D,-0.374,-0.079
2000,CA,CA-06,D,-0.555,-0.581
2000,CA,CA-07,D,-0.605,-0.232
2000,CA,CA-08,D,-0.474,-0.346
2000,CA,CA-09,D,-0.694,-0.672
2000,CA,CA-10,D,-0.277,-0.199
2000,CA,CA-11,R,0.527,0.459
2000,CA,CA-12,D,-0.375,-0.094
2000,CA,CA-13,D,-0.677,-0.533
2000,CA,CA-14,D,-0.386,-0.528
2000,CA,CA-15,D,-0.523,-0.532
2000,CA,CA-16,D,-0.407,-0.568
2000,CA,CA-17,D,-0.452,-0.266
2000,CA,CA-18,D,-0.197,0.562
2000,CA,CA-19,R,0.639,0.129
2000,CA,CA-20,D,-0.164,0.085
2000,CA,CA-21,R,0.453,-0.271
2000,CA,CA-22,D,-0.35,-0.311
2000,CA,CA-23,R,0.519,0.057
2000,CA,CA-24,D,-0.32,-0.204
2000,CA,CA-25,R,0.554,0.09
2000,CA,CA-26,D,-0.38,-0.36
2000,CA,CA-27,D,-0.303,-0.199
2000,CA,CA-28,R,0.582,0.012
2000,CA,CA-29,D,-0.471,-0.398
2000,CA,CA-30,D,-0.512,-0.297
2000,CA,CA-31,D,-0.509,-0.387
2000,CA,CA-32,D,-0.519,-0.476
2000,CA,CA-33,D,-0.474,-0.349
2000,CA,CA-34,D,-0.39,-0.157
2000,CA,CA-35,D,-0.653,-0.031
2000,CA,CA-36,D,-0.235,-0.102
2000,CA,CA-37,D,-0.433,-0.206
2000,CA,CA-38,R,0.273,-0.765
2000,CA,CA-39,R,0.891,-0.219
2000,CA,CA-40,R,0.473,0.033
2000,CA,CA-41,R,0.662,0.075
2000,CA,CA-42,D,-0.298,0.275
2000,CA,CA-43,R,0.47,0.159
2000,CA,CA-44,R,0.553,-0.347
2000,CA,CA-45,R,0.803,-0.109
2000,CA,CA-46,D,-0.362,0.076
2000,CA,CA-47,R,0.663,-0.072
2000,CA,CA-48,R,0.596,-0.066
2000,CA,CA-49,D,-0.321,-0.242
2000,CA,CA-50,D,-0.643,0.152
2000,CA,CA-51,R,0.484,0.099
2000,CA,CA-52,R,0.582,0.193
2000,CO,CO-01,D,-0.457,-0.423
2000,CO,CO-02,D,-0.45,0.185
2000,CO,CO-03,R,0.543,0.084
2000,CO,CO-04,R,0.87,0.493
2000,CO,CO-05,R,0.758,0.442
2000,CO,CO-06,R,0.861,0
2000,CT,CT-01,D,-0.386,-0.131
2000,CT,CT-02,R,0.291,-0.652
2000,CT,CT-03,D,-0.416,-0.111
2000,CT,CT-04,R,0.297,-0.969
2000,CT,CT-05,D,-0.226,-0.043
2000,CT,CT-06,R,0.229,-0.553
2000,DE,DE-01,R,0.43,-0.875
2000,FL,FL-01,R,0.81,-0.492
2000,FL,FL-01,R,0.755,0.358
2000,FL,FL-02,D,-0.161,0.449
2000,FL,FL-03,D,-0.409,0.112
2000,FL,FL-04,R,0.564,-0.087
2000,FL,FL-05,D,-0.363,0.293
2000,FL,FL-06,R,0.688,0.219
2000,FL,FL-07,R,0.59,0.143
2000,FL,FL-08,R,0.635,0.005
2000,FL,FL-09,R,0.452,0.012
2000,FL,FL-10,R,0.44,-0.049
2000,FL,FL-11,D,-0.258,0.045
2000,FL,FL-12,R,0.627,-0.023
2000,FL,FL-13,R,0.642,-0.657
2000,FL,FL-14,R,0.543,-0.286
2000,FL,FL-15,R,0.629,0.099
2000,FL,FL-16,R,0.448,-0.436
2000,FL,FL-17,D,-0.421,-0.075
2000,FL,FL-18,R,0.385,-0.23
2000,FL,FL-19,D,-0.375,-0.234
2000,FL,FL-20,D,-0.329,-0.113
2000,FL,FL-21,R,0.397,-0.188
2000,FL,FL-22,R,0.366,-0.145
2000,FL,FL-23,D,-0.565,0.234
2000,GA,GA-01,R,0.61,0.528
2000,GA,GA-02,D,-0.26,0.505
2000,GA,GA-03,R,0.653,0.424
2000,GA,GA-04,D,-0.556,-0.735
2000,GA,GA-05,D,-0.59,-0.204
2000,GA,GA-06,R,0.534,-0.207
2000,GA,GA-07,R,0.702,0.294
2000,GA,GA-08,R,0.437,0.352
2000,GA,GA-09,R,0.691,0.233
2000,GA,GA-10,R,0.64,0.487
2000,GA,GA-11,R,0.705,0.104
2000,HI,HI-01,D,-0.427,-0.002
2000,HI,HI-02,D,-0.492,-0.091
2000,ID,ID-01,R,0.799,0.192
2000,ID,ID-02,R,0.496,0.053
2000,IL,IL-01,D,-0.483,-0.3
2000,IL,IL-02,D,-0.556,-0.642
2000,IL,IL-03,D,-0.177,0.473
2000,IL,IL-04,D,-0.49,-0.239
2000,IL,IL-05,D,-0.303,-0.227
2000,IL,IL-06,R,0.401,-0.019
2000,IL,IL-07,D,-0.502,-0.455
2000,IL,IL-08,R,0.817,-0.128
2000,IL,IL-09,D,-0.605,-0.27
2000,IL,IL-10,R,0.439,-0.859
2000,IL,IL-11,R,0.509,-0.157
2000,IL,IL-12,D,-0.339,0.869
2000,IL,IL-13,R,0.59,-0.765
2000,IL,IL-14,R,0.561,0.107
2000,IL,IL-15,R,0.229,-0.221
2000,IL,IL-16,R,0.654,0.087
2000,IL,IL-17,D,-0.435,-0.129
2000,IL,IL-18,R,0.392,-0.179
2000,IL,IL-19,D,-0.201,0.754
2000,IL,IL-20,R,0.526,0.159
2000,IN,IN-01,D,-0.415,0.483
2000,IN,IN-02,R,0.79,0.077
2000,IN,IN-03,D,-0.175,0.351
2000,IN,IN-04,R,0.637,-0.148
2000,IN,IN-05,R,0.567,0.227
2000,IN,IN-06,R,0.706,0.144
2000,IN,IN-07,R,0.801,0.29
2000,IN,IN-08,R,0.792,0.26
2000,IN,IN-09,D,-0.152,0.383
2000,IN,IN-10,D,-0.46,-0.202
2000,IA,IA-01,R,0.201,-0.772
2000,IA,IA-02,R,0.515,-0.091
2000,IA,IA-03,D,-0.192,0.315
2000,IA,IA-04,R,0.322,-0.357
2000,IA,IA-05,R,0.48,0.085
2000,KS,KS-01,R,0.507,0.418
2000,KS,KS-02,R,0.642,0.29
2000,KS,KS-03,D,-0.262,0.263
2000,KS,KS-04,R,0.594,0.238
2000,KY,KY-01,R,0.438,0.174
2000,KY,KY-02,R,0.527,0.415
2000,KY,KY-03,R,0.466,-0.098
2000,KY,KY-04,D,-0.051,0.734
2000,KY,KY-05,R,0.439,0.209
2000,KY,KY-06,R,0.368,0.246
2000,LA,LA-01,R,0.583,0.043
2000,LA,LA-02,D,-0.402,0.264
2000,LA,LA-03,R,0.47,0.058
2000,LA,LA-04,R,0.485,0.214
2000,LA,LA-05,R,0.441,-0.04
2000,LA,LA-06,R,0.518,0.205
2000,LA,LA-07,D,-0.114,0.717
2000,ME,ME-01,D,-0.392,-0.09
2000,ME,ME-02,D,-0.327,0.006
2000,MD,MD-01,R,0.346,-0.659
2000,MD,MD-02,R,0.483,-0.454
2000,MD,MD-03,D,-0.302,-0.281
2000,MD,MD-04,D,-0.368,0.033
2000,MD,MD-05,D,-0.346,0.068
2000,MD,MD-06,R,0.668,0.003
2000,MD,MD-07,D,-0.421,-0.205
2000,MD,MD-08,R,0.08,-1.035
2000,MA,MA-01,D,-0.575,-0.128
2000,MA,MA-02,D,-0.42,-0.03
2000,MA,MA-03,D,-0.521,-0.17
2000,MA,MA-04,D,-0.531,-0.543
2000,MA,MA-05,D,-0.399,-0.584
2000,MA,MA-06,D,-0.52,-0.424
2000,MA,MA-07,D,-0.528,-0.348
2000,MA,MA-08,D,-0.583,0.194
2000,MA,MA-09,D,-0.407,0.061
2000,MA,MA-09,D,-0.361,0.27
2000,MA,MA-10,D,-0.508,-0.327
2000,MI,MI-01,D,-0.396,0.772
2000,MI,MI-02,R,0.72,-0.257
2000,MI,MI-03,R,0.571,-0.821
2000,MI,MI-04,R,0.522,-0.016
2000,MI,MI-05,D,-0.153,0.588
2000,MI,MI-06,R,0.506,-0.457
2000,MI,MI-07,R,0.743,-0.153
2000,MI,MI-08,R,0.552,-0.03
2000,MI,MI-09,D,-0.369,0.189
2000,MI,MI-10,D,-0.524,0.325
2000,MI,MI-11,R,0.525,-0.146
2000,MI,MI-12,D,-0.351,-0.126
2000,MI,MI-13,D,-0.38,-0.49
2000,MI,MI-14,D,-0.633,-0.531
2000,MI,MI-15,D,-0.488,-0.253
2000,MI,MI-16,D,-0.419,0.393
2000,MN,MN-01,R,0.73,0.078
2000,MN,MN-02,R,0.674,-0.147
2000,MN,MN-03,R,0.514,-0.875
2000,MN,MN-04,D,-0.433,-0.276
2000,MN,MN-05,D,-0.539,0.239
2000,MN,MN-06,D,-0.295,-0.421
2000,MN,MN-07,D,-0.147,0.989
2000,MN,MN-08,D,-0.539,0.606
2000,MS,MS-01,R,0.503,0.303
2000,MS,MS-02,D,-0.502,0.494
2000,MS,MS-03,R,0.478,0.272
2000,MS,MS-04,D,-0.095,0.985
2000,MS,MS-05,D,-0.061,1.065
2000,MO,MO-01,D,-0.471,-0.059
2000,MO,MO-02,R,0.784,0.104
2000,MO,MO-03,D,-0.491,0.271
2000,MO,MO-04,D,-0.176,0.752
2000,MO,MO-05,D,-0.357,-0.262
2000,MO,MO-06,R,0.519,0.344
2000,MO,MO-07,R,0.613,0.098
2000,MO,MO-08,R,0.379,0.316
2000,MO,MO-09,R,0.539,0.095
2000,MT,MT-01,R,0.524,0.045
2000,NE,NE-01,R,0.302,-0.209
2000,NE,NE-02,R,0.617,-0.088
2000,NE,NE-03,R,0.458,-0.086
2000,NV,NV-01,D,-0.295,-0.03
2000,NV,NV-02,R,0.653,-0.181
2000,NH,NH-01,R,0.67,-0.423
2000,NH,NH-02,R,0.553,-0.772
2000,NJ,NJ-01,D,-0.277,-0.118
2000,NJ,NJ-02,R,0.407,-0.437
2000,NJ,NJ-03,R,0.346,-0.277
2000,NJ,NJ-04,R,0.257,-0.109
2000,NJ,NJ-05,R,0.245,-0.683
2000,NJ,NJ-06,D,-0.408,0.014
2000,NJ,NJ-07,R,0.443,-0.523
2000,NJ,NJ-08,D,-0.331,0.149
2000,NJ,NJ-09,D,-0.33,-0.159
2000,NJ,NJ-10,D,-0.593,-0.548
2000,NJ,NJ-11,R,0.507,-0.722
2000,NJ,NJ-12,D,-0.433,-0.093
2000,NJ,NJ-13,D,-0.369,0.028
2000,NM,NM-01,R,0.405,-0.107
2000,NM,NM-02,R,0.336,0.171
2000,NM,NM-03,D,-0.478,0.395
2000,NY,NY-01,R,0.344,-0.193
2000,NY,NY-02,D,-0.247,-0.121
2000,NY,NY-03,R,0.428,-0.162
2000,NY,NY-04,D,-0.265,-0.123
2000,NY,NY-05,D,-0.404,-0.227
2000,NY,NY-06,D,-0.44,-0.251
2000,NY,NY-07,D,-0.375,0.09
2000,NY,NY-08,D,-0.516,-0.609
2000,NY,NY-09,D,-0.41,-0.397
2000,NY,NY-10,D,-0.506,-0.135
2000,NY,NY-11,D,-0.56,-0.496
2000,NY,NY-12,D,-0.556,-0.373
2000,NY,NY-13,R,0.633,-0.373
2000,NY,NY-14,D,-0.388,-0.37
2000,NY,NY-15,D,-0.469,-0.387
2000,NY,NY-16,D,-0.492,-0.473
2000,NY,NY-17,D,-0.394,-0.207
2000,NY,NY-18,D,-0.371,-0.291
2000,NY,NY-19,R,0.363,-0.696
2000,NY,NY-20,R,0.122,-0.429
2000,NY,NY-21,D,-0.401,0.492
2000,NY,NY-22,R,0.435,-0.199
2000,NY,NY-23,R,0.214,-0.686
2000,NY,NY-24,R,0.345,-0.106
2000,NY,NY-25,R,0.324,-0.133
2000,NY,NY-26,D,-0.571,0.022
2000,NY,NY-27,R,0.515,-0.127
2000,NY,NY-28,D,-0.485,-0.019
2000,NY,NY-29,D,-0.422,0.46
2000,NY,NY-30,R,0.276,-0.197
2000,NY,NY-31,R,0.212,-0.355
2000,NC,NC-01,D,-0.437,-0.06
2000,NC,NC-02,D,-0.275,0.318
2000,NC,NC-03,R,0.308,0.663
2000,NC,NC-04,D,-0.324,0.011
2000,NC,NC-05,R,0.459,0.087
2000,NC,NC-06,R,0.667,0.201
2000,NC,NC-07,D,-0.152,0.782
2000,NC,NC-08,R,0.483,0.352
2000,NC,NC-09,R,0.717,0.018
2000,NC,NC-10,R,0.554,-0.044
2000,NC,NC-11,R,0.578,0.234
2000,NC,NC-12,D,-0.534,-0.323
2000,ND,ND-01,D,-0.25,0.373
2000,OH,OH-01,R,0.784,-0.26
2000,OH,OH-02,R,0.494,-0.292
2000,OH,OH-03,D,-0.255,0.477
2000,OH,OH-04,R,0.463,0.006
2000,OH,OH-05,R,0.356,0.196
2000,OH,OH-06,D,-0.388,0.529
2000,OH,OH-07,R,0.458,-0.245
2000,OH,OH-08,R,0.651,0.098
2000,OH,OH-09,D,-0.365,0.296
2000,OH,OH-10,D,-0.537,0.53
2000,OH,OH-11,D,-0.529,-0.085
2000,OH,OH-12,R,0.618,-0.172
2000,OH,OH-13,D,-0.459,-0.004
2000,OH,OH-14,D,-0.391,-0.156
2000,OH,OH-15,R,0.498,-0.452
2000,OH,OH-16,R,0.355,-0.154
2000,OH,OH-17,D,0.165,0.369
2000,OH,OH-18,R,0.371,0.155
2000,OH,OH-19,R,0.355,-0.172
2000,OK,OK-01,R,0.719,-0.041
2000,OK,OK-01,R,0.682,0.142
2000,OK,OK-02,D,-0.169,0.589
2000,OK,OK-03,R,0.443,0.363
2000,OK,OK-04,R,0.505,0.229
2000,OK,OK-05,R,0.609,0.224
2000,OK,OK-06,R,0.49,0.33
2000,OR,OR-01,D,-0.375,0.339
2000,OR,OR-02,R,0.493,-0.113
2000,OR,OR-03,D,-0.435,-0.795
2000,OR,OR-04,D,-0.498,0.524
2000,OR,OR-05,D,-0.307,-0.022
2000,PA,PA-01,D,-0.479,0.378
2000,PA,PA-02,D,-0.484,-0.154
2000,PA,PA-03,D,-0.417,0.637
2000,PA,PA-04,R,0.581,-0.065
2000,PA,PA-05,R,0.483,0.156
2000,PA,PA-06,D,-0.213,0.647
2000,PA,PA-07,R,0.313,-0.2
2000,PA,PA-08,R,0.341,-0.745
2000,PA,PA-09,R,0.55,0.276
2000,PA,PA-10,R,0.48,-0.087
2000,PA,PA-11,D,-0.311,0.475
2000,PA,PA-12,D,-0.234,0.575
2000,PA,PA-13,D,-0.322,-0.223
2000,PA,PA-14,D,-0.483,-0.3
2000,PA,PA-15,R,0.827,-0.077
2000,PA,PA-16,R,0.696,0
2000,PA,PA-17,R,0.485,-0.064
2000,PA,PA-18,D,-0.276,0.347
2000,PA,PA-19,R,0.386,-0.062
2000,PA,PA-20,D,-0.256,0.485
2000,PA,PA-21,R,0.477,-0.294
2000,RI,RI-01,D,-0.4,-0.041
2000,RI,RI-02,D,-0.353,0.317
2000,SC,SC-01,R,0.546,-0.029
2000,SC,SC-02,R,0.403,0.122
2000,SC,SC-02,R,0.7,0.001
2000,SC,SC-03,R,0.504,0.128
2000,SC,SC-04,R,0.733,0
2000,SC,SC-05,D,-0.272,0.307
2000,SC,SC-06,D,-0.459,0.296
2000,SD,SD-01,R,0.376,0.208
2000,TN,TN-01,R,0.497,0.392
2000,TN,TN-02,R,0.776,0.188
2000,TN,TN-03,R,0.585,0.081
2000,TN,TN-04,R,0.641,0.28
2000,TN,TN-05,D,-0.201,0.368
2000,TN,TN-06,D,-0.183,0.386
2000,TN,TN-07,R,0.522,0.226
2000,TN,TN-08,D,-0.193,0.77
2000,TN,TN-09,D,-0.355,0.379
2000,TX,TX-01,D,-0.243,0.555
2000,TX,TX-02,D,-0.179,0.605
2000,TX,TX-03,R,0.697,0.416
2000,TX,TX-04,D,0.085,1.012
2000,TX,TX-05,R,0.71,0.183
2000,TX,TX-06,R,0.648,0.205
2000,TX,TX-07,R,0.667,0.275
2000,TX,TX-08,R,0.624,0.226
2000,TX,TX-09,D,-0.164,0.362
2000,TX,TX-10,D,-0.412,-0.239
2000,TX,TX-11,D,-0.217,0.53
2000,TX,TX-12,R,0.561,-0.05
2000,TX,TX-13,R,0.667,0.252
2000,TX,TX-14,R,0.955,-0.403
2000,TX,TX-15,D,-0.307,0.225
2000,TX,TX-16,D,-0.292,0.335
2000,TX,TX-17,D,-0.141,1.063
2000,TX,TX-18,D,-0.44,0.074
2000,TX,TX-19,R,0.47,0.626
2000,TX,TX-20,D,-0.316,0.07
2000,TX,TX-21,R,0.527,0.144
2000,TX,TX-22,R,0.625,0.085
2000,TX,TX-23,R,0.53,0.111
2000,TX,TX-24,D,-0.297,0.263
2000,TX,TX-25,D,-0.288,0.127
2000,TX,TX-26,R,0.64,-0.07
2000,TX,TX-27,D,-0.247,0.622
2000,TX,TX-28,D,-0.346,0.207
2000,TX,TX-29,D,-0.321,0.57
2000,TX,TX-30,D,-0.473,0.24
2000,UT,UT-01,R,0.501,0.208
2000,UT,UT-02,D,-0.14,0.635
2000,UT,UT-03,R,0.743,0.02
2000,VT,VT-01,I,-0.507,-0.141
2000,VA,VA-01,R,0.531,0.415
2000,VA,VA-02,R,0.593,0.011
2000,VA,VA-03,D,-0.454,0.071
2000,VA,VA-04,R,0.525,0.288
2000,VA,VA-05,I,0.62,0.67
2000,VA,VA-05,R,0.543,0.683
2000,VA,VA-06,R,0.611,0.184
2000,VA,VA-07,R,0.674,-0.002
2000,VA,VA-08,D,-0.282,-0.234
2000,VA,VA-09,D,-0.23,0.219
2000,VA,VA-10,R,0.409,-0.11
2000,VA,VA-11,R,0.496,-0.596
2000,WA,WA-01,D,-0.295,-0.156
2000,WA,WA-02,D,-0.383,0.515
2000,WA,WA-03,D,-0.43,0.492
2000,WA,WA-04,R,0.562,0.235
2000,WA,WA-05,R,0.458,0.037
2000,WA,WA-06,D,-0.294,0.089
2000,WA,WA-07,D,-0.666,-0.085
2000,WA,WA-08,R,0.524,-0.313
2000,WA,WA-09,D,-0.239,-0.087
2000,WV,WV-01,D,-0.288,0.667
2000,WV,WV-02,R,0.355,-0.071
2000,WV,WV-03,D,-0.321,0.685
2000,WI,WI-01,R,0.736,-0.265
2000,WI,WI-02,D,-0.554,-0.137
2000,WI,WI-03,D,-0.273,0.003
2000,WI,WI-04,D,-0.346,-0.017
2000,WI,WI-05,D,-0.469,-0.487
2000,WI,WI-06,R,0.577,-0.012
2000,WI,WI-07,D,-0.448,0.126
2000,WI,WI-08,R,0.648,-0.264
2000,WI,WI-09,R,0.967,-0.48
2000,WY,WY-01,R,0.617,0.346
2002,HI,HI-00,R,0.957,-0.291
2002,AL,AL-01,R,0.59,0.158
2002,AL,AL-02,R,0.524,0.487
2002,AL,AL-03,R,0.505,0.222
2002,AL,AL-04,R,0.483,0.478
2002,AL,AL-05,D,-0.106,0.629
2002,AL,AL-06,R,0.544,0.171
2002,AL,AL-07,D,-0.238,0.403
2002,AK,AK-01,R,0.427,0.134
2002,AZ,AZ-01,R,0.411,0.19
2002,AZ,AZ-02,R,0.933,0.221
2002,AZ,AZ-03,R,0.884,0.121
2002,AZ,AZ-04,D,-0.429,0.142
2002,AZ,AZ-05,R,0.718,0.103
2002,AZ,AZ-06,R,0.981,0.114
2002,AZ,AZ-07,D,-0.586,-0.254
2002,AZ,AZ-08,R,0.47,-0.552
2002,AR,AR-01,D,-0.284,0.947
2002,AR,AR-02,D,-0.253,0.076
2002,AR,AR-03,R,0.533,0.208
2002,AR,AR-04,D,-0.192,0.722
2002,CA,CA-01,D,-0.407,0.431
2002,CA,CA-02,R,0.676,0.3
2002,CA,CA-03,R,0.448,-0.449
2002,CA,CA-04,R,0.628,0.173
2002,CA,CA-05,D,-0.368,-0.097
2002,CA,CA-06,D,-0.578,-0.598
2002,CA,CA-07,D,-0.616,-0.195
2002,CA,CA-08,D,-0.459,-0.34
2002,CA,CA-09,D,-0.694,-0.672
2002,CA,CA-10,D,-0.29,-0.2
2002,CA,CA-11,R,0.527,0.353
2002,CA,CA-12,D,-0.378,-0.123
2002,CA,CA-13,D,-0.684,-0.53
2002,CA,CA-14,D,-0.383,-0.53
2002,CA,CA-15,D,-0.53,-0.535
2002,CA,CA-16,D,-0.41,-0.568
2002,CA,CA-17,D,-0.463,-0.275
2002,CA,CA-18,D,-0.221,0.468
2002,CA,CA-19,R,0.65,0.131
2002,CA,CA-20,D,-0.16,0.07
2002,CA,CA-21,R,0.607,-0.108
2002,CA,CA-22,R,0.466,-0.274
2002,CA,CA-23,D,-0.37,-0.316
2002,CA,CA-24,R,0.533,0.093
2002,CA,CA-25,R,0.568,0.092
2002,CA,CA-26,R,0.585,0.015
2002,CA,CA-27,D,-0.334,-0.203
2002,CA,CA-28,D,-0.372,-0.361
2002,CA,CA-29,D,-0.307,-0.199
2002,CA,CA-30,D,-0.47,-0.41
2002,CA,CA-31,D,-0.496,-0.299
2002,CA,CA-32,D,-0.509,-0.387
2002,CA,CA-33,D,-0.524,-0.476
2002,CA,CA-34,D,-0.461,-0.349
2002,CA,CA-35,D,-0.641,-0.03
2002,CA,CA-36,D,-0.25,-0.103
2002,CA,CA-37,D,-0.415,-0.23
2002,CA,CA-38,D,-0.413,-0.19
2002,CA,CA-39,D,-0.492,-0.292
2002,CA,CA-40,R,0.898,-0.196
2002,CA,CA-41,R,0.491,0.05
2002,CA,CA-42,R,0.656,0.122
2002,CA,CA-43,D,-0.308,0.286
2002,CA,CA-44,R,0.489,0.166
2002,CA,CA-45,R,0.58,-0.34
2002,CA,CA-46,R,0.835,-0.136
2002,CA,CA-47,D,-0.368,0.075
2002,CA,CA-48,R,0.695,-0.072
2002,CA,CA-49,R,0.643,-0.045
2002,CA,CA-50,R,0.493,0.115
2002,CA,CA-51,D,-0.645,0.152
2002,CA,CA-52,R,0.597,0.21
2002,CA,CA-53,D,-0.318,-0.236
2002,CO,CO-01,D,-0.444,-0.41
2002,CO,CO-02,D,-0.407,0.295
2002,CO,CO-03,R,0.603,0.105
2002,CO,CO-04,R,0.705,0.277
2002,CO,CO-05,R,0.802,0.523
2002,CO,CO-06,R,0.876,0.052
2002,CO,CO-07,R,0.687,-0.047
2002,CT,CT-01,D,-0.396,-0.12
2002,CT,CT-02,R,0.291,-0.652
2002,CT,CT-03,D,-0.422,-0.112
2002,CT,CT-04,R,0.331,-0.967
2002,CT,CT-05,R,0.252,-0.589
2002,DE,DE-01,R,0.474,-0.933
2002,FL,FL-01,R,0.767,0.314
2002,FL,FL-02,D,-0.16,0.459
2002,FL,FL-03,D,-0.4,0.11
2002,FL,FL-04,R,0.552,-0.03
2002,FL,FL-05,R,0.52,0.217
2002,FL,FL-06,R,0.713,0.221
2002,FL,FL-07,R,0.607,0.151
2002,FL,FL-08,R,0.635,0.005
2002,FL,FL-09,R,0.466,0.055
2002,FL,FL-10,R,0.453,-0.047
2002,FL,FL-11,D,-0.25,-0.026
2002,FL,FL-12,R,0.622,-0.025
2002,FL,FL-13,R,0.655,-0.282
2002,FL,FL-14,R,0.57,-0.258
2002,FL,FL-15,R,0.64,0.122
2002,FL,FL-16,R,0.454,-0.392
2002,FL,FL-17,D,-0.345,0.074
2002,FL,FL-18,R,0.405,-0.205
2002,FL,FL-19,D,-0.385,-0.24
2002,FL,FL-20,D,-0.341,-0.108
2002,FL,FL-21,R,0.435,-0.192
2002,FL,FL-22,R,0.377,-0.163
2002,FL,FL-23,D,-0.551,0.226
2002,FL,FL-24,R,0.803,0.083
2002,FL,FL-25,R,0.663,-0.446
2002,GA,GA-01,R,0.636,0.537
2002,GA,GA-02,D,-0.25,0.512
2002,GA,GA-03,D,-0.115,0.987
2002,GA,GA-04,D,-0.354,-0.135
2002,GA,GA-05,D,-0.589,-0.207
2002,GA,GA-06,R,0.534,-0.207
2002,GA,GA-07,R,0.743,0.108
2002,GA,GA-08,R,0.691,0.43
2002,GA,GA-09,R,0.679,0.498
2002,GA,GA-10,R,0.73,0.241
2002,GA,GA-11,R,0.645,0.3
2002,GA,GA-12,R,0.506,0.04
2002,GA,GA-13,D,-0.197,0.376
2002,HI,HI-01,D,-0.415,0.001
2002,HI,HI-02,D,-0.172,-0.123
2002,ID,ID-01,R,0.799,0.192
2002,ID,ID-02,R,0.483,0.086
2002,IL,IL-01,D,-0.468,-0.299
2002,IL,IL-02,D,-0.549,-0.635
2002,IL,IL-03,D,-0.178,0.493
2002,IL,IL-04,D,-0.492,-0.239
2002,IL,IL-05,D,-0.362,-0.172
2002,IL,IL-06,R,0.419,-0.002
2002,IL,IL-07,D,-0.497,-0.447
2002,IL,IL-08,R,0.825,-0.137
2002,IL,IL-09,D,-0.603,-0.263
2002,IL,IL-10,R,0.479,-0.857
2002,IL,IL-11,R,0.505,-0.151
2002,IL,IL-12,D,-0.352,0.902
2002,IL,IL-13,R,0.601,-0.711
2002,IL,IL-14,R,0.588,0.157
2002,IL,IL-15,R,0.377,-0.453
2002,IL,IL-16,R,0.668,0.1
2002,IL,IL-17,D,-0.431,-0.109
2002,IL,IL-18,R,0.402,-0.177
2002,IL,IL-19,R,0.544,0.159
2002,IN,IN-01,D,-0.42,0.51
2002,IN,IN-02,R,0.757,-0.145
2002,IN,IN-03,R,0.634,-0.12
2002,IN,IN-04,R,0.586,0.23
2002,IN,IN-05,R,0.718,0.157
2002,IN,IN-06,R,0.801,0.085
2002,IN,IN-07,D,-0.456,-0.186
2002,IN,IN-08,R,0.783,0.341
2002,IN,IN-09,D,-0.088,0.338
2002,IA,IA-01,R,0.523,-0.052
2002,IA,IA-02,R,0.21,-0.769
2002,IA,IA-03,D,-0.207,0.367
2002,IA,IA-04,R,0.479,0.097
2002,IA,IA-05,R,0.768,0.388
2002,KS,KS-01,R,0.513,0.423
2002,KS,KS-02,R,0.648,0.32
2002,KS,KS-03,D,-0.257,0.252
2002,KS,KS-04,R,0.58,0.285
2002,KY,KY-01,R,0.453,0.175
2002,KY,KY-02,R,0.538,0.418
2002,KY,KY-03,R,0.5,-0.09
2002,KY,KY-04,D,-0.051,0.734
2002,KY,KY-05,R,0.457,0.232
2002,KY,KY-06,R,0.368,0.246
2002,KY,KY-06,D,-0.213,0.619
2002,LA,LA-01,R,0.583,0.043
2002,LA,LA-02,D,-0.384,0.272
2002,LA,LA-03,R,0.507,0.002
2002,LA,LA-04,R,0.511,0.221
2002,LA,LA-05,D,-0.083,0.924
2002,LA,LA-06,R,0.532,0.243
2002,LA,LA-07,D,-0.114,0.717
2002,ME,ME-01,D,-0.384,-0.089
2002,ME,ME-02,D,-0.328,0.293
2002,MD,MD-01,R,0.366,-0.656
2002,MD,MD-02,D,-0.247,0.109
2002,MD,MD-03,D,-0.297,-0.284
2002,MD,MD-04,D,-0.354,0.034
2002,MD,MD-05,D,-0.341,0.044
2002,MD,MD-06,R,0.683,-0.044
2002,MD,MD-07,D,-0.421,-0.205
2002,MD,MD-08,D,-0.393,-0.346
2002,MA,MA-01,D,-0.587,-0.12
2002,MA,MA-02,D,-0.43,-0.033
2002,MA,MA-03,D,-0.529,-0.17
2002,MA,MA-04,D,-0.537,-0.546
2002,MA,MA-05,D,-0.422,-0.579
2002,MA,MA-06,D,-0.516,-0.397
2002,MA,MA-07,D,-0.536,-0.333
2002,MA,MA-08,D,-0.579,0.177
2002,MA,MA-09,D,-0.364,0.265
2002,MA,MA-10,D,-0.501,-0.31
2002,MI,MI-01,D,-0.399,0.801
2002,MI,MI-02,R,0.734,-0.194
2002,MI,MI-03,R,0.615,-0.87
2002,MI,MI-04,R,0.547,-0.002
2002,MI,MI-05,D,-0.369,0.233
2002,MI,MI-06,R,0.535,-0.437
2002,MI,MI-07,R,0.806,-0.126
2002,MI,MI-08,R,0.568,-0.008
2002,MI,MI-09,R,0.535,-0.163
2002,MI,MI-10,R,0.405,0.099
2002,MI,MI-11,R,0.393,0.293
2002,MI,MI-12,D,-0.348,-0.126
2002,MI,MI-13,D,-0.485,-0.254
2002,MI,MI-14,D,-0.628,-0.522
2002,MI,MI-15,D,-0.418,0.393
2002,MN,MN-01,R,0.742,0.187
2002,MN,MN-02,R,0.668,-0.014
2002,MN,MN-03,R,0.551,-0.872
2002,MN,MN-04,D,-0.429,-0.273
2002,MN,MN-05,D,-0.542,0.346
2002,MN,MN-06,R,0.674,-0.147
2002,MN,MN-07,D,-0.152,1.031
2002,MN,MN-08,D,-0.537,0.652
2002,MS,MS-01,R,0.509,0.294
2002,MS,MS-02,D,-0.491,0.496
2002,MS,MS-03,R,0.482,0.244
2002,MS,MS-04,D,-0.081,1.131
2002,MO,MO-01,D,-0.483,-0.074
2002,MO,MO-02,R,0.776,0.148
2002,MO,MO-03,D,-0.506,0.268
2002,MO,MO-04,D,-0.182,0.748
2002,MO,MO-05,D,-0.384,-0.279
2002,MO,MO-06,R,0.54,0.342
2002,MO,MO-07,R,0.626,0.1
2002,MO,MO-08,R,0.385,0.309
2002,MO,MO-09,R,0.532,0.14
2002,MT,MT-01,R,0.521,0.071
2002,NE,NE-01,R,0.315,-0.19
2002,NE,NE-02,R,0.628,-0.09
2002,NE,NE-03,R,0.458,-0.086
2002,NV,NV-01,D,-0.291,-0.008
2002,NV,NV-02,R,0.679,-0.141
2002,NV,NV-03,R,0.412,-0.146
2002,NH,NH-01,R,0.587,-0.692
2002,NH,NH-02,R,0.582,-0.784
2002,NJ,NJ-01,D,-0.299,-0.117
2002,NJ,NJ-02,R,0.414,-0.427
2002,NJ,NJ-03,R,0.367,-0.274
2002,NJ,NJ-04,R,0.283,-0.109
2002,NJ,NJ-05,R,0.8,0.011
2002,NJ,NJ-06,D,-0.441,0.018
2002,NJ,NJ-07,R,0.443,-0.523
2002,NJ,NJ-08,D,-0.345,0.12
2002,NJ,NJ-09,D,-0.336,-0.159
2002,NJ,NJ-10,D,-0.59,-0.557
2002,NJ,NJ-11,R,0.531,-0.654
2002,NJ,NJ-12,D,-0.45,-0.145
2002,NJ,NJ-13,D,-0.374,0.047
2002,NM,NM-01,R,0.425,-0.104
2002,NM,NM-02,R,0.658,0.058
2002,NM,NM-03,D,-0.464,0.362
2002,NY,NY-01,D,-0.343,-0.065
2002,NY,NY-02,D,-0.268,-0.115
2002,NY,NY-03,R,0.446,-0.154
2002,NY,NY-04,D,-0.269,-0.102
2002,NY,NY-05,D,-0.396,-0.227
2002,NY,NY-06,D,-0.42,-0.242
2002,NY,NY-07,D,-0.383,0.031
2002,NY,NY-08,D,-0.51,-0.603
2002,NY,NY-09,D,-0.41,-0.397
2002,NY,NY-10,D,-0.499,-0.125
2002,NY,NY-11,D,-0.556,-0.501
2002,NY,NY-12,D,-0.552,-0.372
2002,NY,NY-13,R,0.652,-0.381
2002,NY,NY-14,D,-0.388,-0.37
2002,NY,NY-15,D,-0.46,-0.388
2002,NY,NY-16,D,-0.493,-0.488
2002,NY,NY-17,D,-0.381,-0.206
2002,NY,NY-18,D,-0.364,-0.29
2002,NY,NY-19,R,0.39,-0.69
2002,NY,NY-20,R,0.435,-0.199
2002,NY,NY-21,D,-0.421,0.486
2002,NY,NY-22,D,-0.573,0.047
2002,NY,NY-23,R,0.349,-0.098
2002,NY,NY-24,R,0.239,-0.684
2002,NY,NY-25,R,0.353,-0.131
2002,NY,NY-26,R,0.537,-0.118
2002,NY,NY-27,R,0.286,-0.173
2002,NY,NY-28,D,-0.505,-0.012
2002,NY,NY-29,R,0.225,-0.402
2002,NC,NC-01,D,-0.442,-0.059
2002,NC,NC-01,D,-0.35,0.211
2002,NC,NC-02,D,-0.275,0.318
2002,NC,NC-03,R,0.268,0.663
2002,NC,NC-04,D,-0.341,-0.003
2002,NC,NC-05,R,0.44,0.084
2002,NC,NC-06,R,0.691,0.227
2002,NC,NC-07,D,-0.149,0.783
2002,NC,NC-08,R,0.48,0.344
2002,NC,NC-09,R,0.73,0.024
2002,NC,NC-10,R,0.57,-0.03
2002,NC,NC-11,R,0.586,0.27
2002,NC,NC-12,D,-0.518,-0.323
2002,NC,NC-13,D,-0.331,0.007
2002,ND,ND-01,D,-0.244,0.378
2002,OH,OH-01,R,0.79,-0.226
2002,OH,OH-02,R,0.515,-0.273
2002,OH,OH-03,R,0.477,-0.149
2002,OH,OH-04,R,0.477,0.013
2002,OH,OH-05,R,0.385,0.197
2002,OH,OH-06,D,-0.405,0.576
2002,OH,OH-07,R,0.488,-0.238
2002,OH,OH-08,R,0.673,0.103
2002,OH,OH-09,D,-0.371,0.315
2002,OH,OH-10,D,-0.585,0.527
2002,OH,OH-11,D,-0.514,-0.071
2002,OH,OH-12,R,0.618,-0.172
2002,OH,OH-13,D,-0.479,0.055
2002,OH,OH-14,R,0.372,-0.162
2002,OH,OH-15,R,0.522,-0.441
2002,OH,OH-16,R,0.377,-0.149
2002,OH,OH-17,D,-0.378,0.415
2002,OH,OH-18,R,0.392,0.183
2002,OK,OK-01,R,0.686,0.144
2002,OK,OK-02,D,-0.169,0.589
2002,OK,OK-03,R,0.495,0.33
2002,OK,OK-04,R,0.61,-0.065
2002,OK,OK-05,R,0.633,0.259
2002,OR,OR-01,D,-0.381,0.328
2002,OR,OR-02,R,0.517,-0.126
2002,OR,OR-03,D,-0.45,-0.821
2002,OR,OR-04,D,-0.507,0.604
2002,OR,OR-05,D,-0.3,0.011
2002,PA,PA-01,D,-0.471,0.357
2002,PA,PA-02,D,-0.462,-0.148
2002,PA,PA-03,R,0.49,-0.282
2002,PA,PA-04,R,0.581,-0.065
2002,PA,PA-05,R,0.491,0.157
2002,PA,PA-06,R,0.342,-0.273
2002,PA,PA-07,R,0.332,-0.182
2002,PA,PA-08,R,0.378,-0.826
2002,PA,PA-09,R,0.542,0.282
2002,PA,PA-10,R,0.48,-0.087
2002,PA,PA-11,D,-0.313,0.491
2002,PA,PA-12,D,-0.231,0.566
2002,PA,PA-13,D,-0.322,-0.223
2002,PA,PA-14,D,-0.302,0.336
2002,PA,PA-15,R,0.827,-0.077
2002,PA,PA-16,R,0.714,0
2002,PA,PA-17,D,-0.217,0.682
2002,PA,PA-18,R,0.372,0.081
2002,PA,PA-19,R,0.406,-0.098
2002,RI,RI-01,D,-0.398,-0.041
2002,RI,RI-02,D,-0.354,0.267
2002,SC,SC-01,R,0.543,0.05
2002,SC,SC-02,R,0.719,0.005
2002,SC,SC-03,R,0.826,0.066
2002,SC,SC-04,R,0.733,0
2002,SC,SC-05,D,-0.281,0.308
2002,SC,SC-06,D,-0.448,0.275
2002,SD,SD-01,R,0.369,0.156
2002,SD,SD-01,D,-0.174,0.713
2002,TN,TN-01,R,0.541,0.4
2002,TN,TN-02,R,0.813,0.152
2002,TN,TN-03,R,0.598,0.09
2002,TN,TN-04,D,-0.177,0.84
2002,TN,TN-05,D,-0.195,0.475
2002,TN,TN-06,D,-0.177,0.413
2002,TN,TN-07,R,0.773,0.106
2002,TN,TN-08,D,-0.205,0.79
2002,TN,TN-09,D,-0.321,0.495
2002,TX,TX-01,D,-0.243,0.555
2002,TX,TX-02,D,-0.179,0.605
2002,TX,TX-03,R,0.71,0.412
2002,TX,TX-04,D,0.082,1.016
2002,TX,TX-04,R,0.519,0.296
2002,TX,TX-05,R,0.911,-0.051
2002,TX,TX-06,R,0.659,0.207
2002,TX,TX-07,R,0.65,0.331
2002,TX,TX-08,R,0.648,0.235
2002,TX,TX-09,D,-0.09,0.454
2002,TX,TX-10,D,-0.416,-0.231
2002,TX,TX-11,D,-0.217,0.53
2002,TX,TX-12,R,0.572,0.005
2002,TX,TX-13,R,0.684,0.259
2002,TX,TX-14,R,1.023,-0.432
2002,TX,TX-15,D,-0.31,0.256
2002,TX,TX-16,D,-0.298,0.334
2002,TX,TX-17,D,-0.177,1.076
2002,TX,TX-18,D,-0.445,0.105
2002,TX,TX-19,R,0.471,0.618
2002,TX,TX-19,R,0.688,0.334
2002,TX,TX-20,D,-0.314,0.143
2002,TX,TX-21,R,0.542,0.165
2002,TX,TX-22,R,0.622,0.076
2002,TX,TX-23,R,0.556,0.118
2002,TX,TX-24,D,-0.295,0.236
2002,TX,TX-25,D,-0.326,0.248
2002,TX,TX-26,R,0.519,0.551
2002,TX,TX-27,D,-0.244,0.6
2002,TX,TX-28,D,-0.33,0.244
2002,TX,TX-29,D,-0.321,0.633
2002,TX,TX-30,D,-0.469,0.218
2002,TX,TX-31,R,0.673,0.165
2002,TX,TX-32,R,0.728,0.181
2002,UT,UT-01,R,0.627,0.216
2002,UT,UT-02,D,-0.129,0.726
2002,UT,UT-03,R,0.77,0.024
2002,VT,VT-01,I,-0.509,-0.034
2002,VA,VA-01,R,0.531,0.415
2002,VA,VA-02,R,0.593,0.011
2002,VA,VA-03,D,-0.447,0.023
2002,VA,VA-04,R,0.537,0.26
2002,VA,VA-05,R,0.543,0.683
2002,VA,VA-06,R,0.639,0.176
2002,VA,VA-07,R,0.691,0.009
2002,VA,VA-08,D,-0.293,-0.275
2002,VA,VA-09,D,-0.22,0.222
2002,VA,VA-10,R,0.429,-0.098
2002,VA,VA-11,R,0.561,-0.657
2002,WA,WA-01,D,-0.312,-0.16
2002,WA,WA-02,D,-0.373,0.465
2002,WA,WA-03,D,-0.392,0.525
2002,WA,WA-04,R,0.567,0.245
2002,WA,WA-05,R,0.453,0.043
2002,WA,WA-06,D,-0.293,0.074
2002,WA,WA-07,D,-0.677,-0.08
2002,WA,WA-08,R,0.552,-0.308
2002,WA,WA-09,D,-0.242,-0.086
2002,WV,WV-01,D,-0.287,0.652
2002,WV,WV-02,R,0.38,-0.055
2002,WV,WV-03,D,-0.322,0.727
2002,WI,WI-01,R,0.764,-0.256
2002,WI,WI-02,D,-0.554,-0.137
2002,WI,WI-03,D,-0.277,0.096
2002,WI,WI-04,D,-0.352,-0.017
2002,WI,WI-05,R,1.014,-0.472
2002,WI,WI-06,R,0.617,-0.01
2002,WI,WI-07,D,-0.447,0.144
2002,WI,WI-08,R,0.648,-0.264
2002,WY,WY-01,R,0.617,0.362
2004,HI,HI-00,R,0.957,-0.291
2004,AL,AL-01,R,0.558,0.236
2004,AL,AL-02,R,0.538,0.449
2004,AL,AL-03,R,0.485,0.27
2004,AL,AL-04,R,0.479,0.458
2004,AL,AL-05,D,-0.098,0.628
2004,AL,AL-06,R,0.554,0.176
2004,AL,AL-07,D,-0.238,0.403
2004,AK,AK-01,R,0.448,0.14
2004,AZ,AZ-01,R,0.411,0.19
2004,AZ,AZ-02,R,0.913,0.211
2004,AZ,AZ-03,R,0.911,0.133
2004,AZ,AZ-04,D,-0.435,0.151
2004,AZ,AZ-05,R,0.743,0.142
2004,AZ,AZ-06,R,0.989,0.115
2004,AZ,AZ-07,D,-0.586,-0.254
2004,AZ,AZ-08,R,0.49,-0.555
2004,AR,AR-01,D,-0.298,0.967
2004,AR,AR-02,D,-0.249,0.079
2004,AR,AR-03,R,0.553,0.213
2004,AR,AR-04,D,-0.167,0.772
2004,CA,CA-01,D,-0.41,0.407
2004,CA,CA-02,R,0.69,0.313
2004,CA,CA-03,R,0.63,0.058
2004,CA,CA-04,R,0.626,0.177
2004,CA,CA-05,D,-0.428,-0.274
2004,CA,CA-06,D,-0.602,-0.616
2004,CA,CA-07,D,-0.626,-0.158
2004,CA,CA-08,D,-0.444,-0.335
2004,CA,CA-09,D,-0.694,-0.672
2004,CA,CA-10,D,-0.304,-0.201
2004,CA,CA-11,R,0.527,0.247
2004,CA,CA-12,D,-0.38,-0.153
2004,CA,CA-13,D,-0.692,-0.527
2004,CA,CA-14,D,-0.379,-0.532
2004,CA,CA-15,D,-0.538,-0.537
2004,CA,CA-16,D,-0.412,-0.567
2004,CA,CA-17,D,-0.474,-0.284
2004,CA,CA-18,D,-0.224,0.574
2004,CA,CA-19,R,0.661,0.134
2004,CA,CA-20,D,-0.192,0.758
2004,CA,CA-21,R,0.633,-0.009
2004,CA,CA-22,R,0.48,-0.276
2004,CA,CA-23,D,-0.39,-0.32
2004,CA,CA-24,R,0.548,0.129
2004,CA,CA-25,R,0.581,0.094
2004,CA,CA-26,R,0.589,0.017
2004,CA,CA-27,D,-0.349,-0.202
2004,CA,CA-28,D,-0.364,-0.362
2004,CA,CA-29,D,-0.311,-0.198
2004,CA,CA-30,D,-0.468,-0.422
2004,CA,CA-31,D,-0.481,-0.301
2004,CA,CA-32,D,-0.509,-0.387
2004,CA,CA-33,D,-0.529,-0.476
2004,CA,CA-34,D,-0.447,-0.348
2004,CA,CA-35,D,-0.629,-0.03
2004,CA,CA-36,D,-0.265,-0.103
2004,CA,CA-37,D,-0.397,-0.255
2004,CA,CA-38,D,-0.436,-0.222
2004,CA,CA-39,D,-0.497,-0.293
2004,CA,CA-40,R,0.904,-0.174
2004,CA,CA-41,R,0.509,0.066
2004,CA,CA-42,R,0.649,0.169
2004,CA,CA-43,D,-0.318,0.296
2004,CA,CA-44,R,0.508,0.173
2004,CA,CA-45,R,0.608,-0.334
2004,CA,CA-46,R,0.866,-0.162
2004,CA,CA-47,D,-0.374,0.075
2004,CA,CA-48,R,0.728,-0.072
2004,CA,CA-48,R,0.984,-0.18
2004,CA,CA-49,R,0.69,-0.024
2004,CA,CA-50,R,0.502,0.131
2004,CA,CA-50,R,0.707,-0.681
2004,CA,CA-51,D,-0.647,0.152
2004,CA,CA-52,R,0.611,0.227
2004,CA,CA-53,D,-0.316,-0.229
2004,CO,CO-01,D,-0.432,-0.398
2004,CO,CO-02,D,-0.364,0.406
2004,CO,CO-03,D,-0.245,0.572
2004,CO,CO-04,R,0.705,0.277
2004,CO,CO-05,R,0.845,0.604
2004,CO,CO-06,R,0.891,0.105
2004,CO,CO-07,R,0.687,-0.047
2004,CT,CT-01,D,-0.405,-0.109
2004,CT,CT-02,R,0.291,-0.652
2004,CT,CT-03,D,-0.428,-0.112
2004,CT,CT-04,R,0.365,-0.964
2004,CT,CT-05,R,0.275,-0.624
2004,DE,DE-01,R,0.518,-0.99
2004,FL,FL-01,R,0.778,0.27
2004,FL,FL-02,D,-0.159,0.47
2004,FL,FL-03,D,-0.391,0.108
2004,FL,FL-04,R,0.54,0.027
2004,FL,FL-05,R,0.52,0.217
2004,FL,FL-06,R,0.738,0.223
2004,FL,FL-07,R,0.624,0.158
2004,FL,FL-08,R,0.635,0.005
2004,FL,FL-09,R,0.479,0.098
2004,FL,FL-10,R,0.467,-0.046
2004,FL,FL-11,D,-0.242,-0.097
2004,FL,FL-12,R,0.618,-0.027
2004,FL,FL-13,R,0.655,-0.282
2004,FL,FL-14,R,0.803,-0.005
2004,FL,FL-15,R,0.651,0.146
2004,FL,FL-16,R,0.46,-0.348
2004,FL,FL-17,D,-0.345,0.074
2004,FL,FL-18,R,0.425,-0.179
2004,FL,FL-19,D,-0.395,-0.246
2004,FL,FL-20,D,-0.388,-0.162
2004,FL,FL-21,R,0.473,-0.196
2004,FL,FL-22,R,0.388,-0.181
2004,FL,FL-23,D,-0.537,0.217
2004,FL,FL-24,R,0.803,0.083
2004,FL,FL-25,R,0.588,-0.3
2004,GA,GA-01,R,0.661,0.545
2004,GA,GA-02,D,-0.24,0.518
2004,GA,GA-03,D,-0.115,0.987
2004,GA,GA-04,D,-0.566,-0.791
2004,GA,GA-05,D,-0.587,-0.21
2004,GA,GA-06,R,0.816,0.145
2004,GA,GA-07,R,0.781,0.112
2004,GA,GA-08,R,0.787,0.441
2004,GA,GA-09,R,0.719,0.509
2004,GA,GA-10,R,0.769,0.249
2004,GA,GA-11,R,0.674,0.306
2004,GA,GA-12,D,-0.086,0.663
2004,GA,GA-13,D,-0.234,0.332
2004,HI,HI-01,D,-0.403,0.004
2004,HI,HI-02,D,-0.172,-0.123
2004,ID,ID-01,R,0.799,0.192
2004,ID,ID-02,R,0.47,0.119
2004,IL,IL-01,D,-0.452,-0.298
2004,IL,IL-02,D,-0.543,-0.627
2004,IL,IL-03,D,-0.258,0.483
2004,IL,IL-04,D,-0.495,-0.239
2004,IL,IL-05,D,-0.362,-0.172
2004,IL,IL-06,R,0.437,0.015
2004,IL,IL-07,D,-0.492,-0.439
2004,IL,IL-08,D,-0.179,0.644
2004,IL,IL-09,D,-0.601,-0.255
2004,IL,IL-10,R,0.519,-0.855
2004,IL,IL-11,R,0.501,-0.144
2004,IL,IL-12,D,-0.365,0.934
2004,IL,IL-13,R,0.612,-0.656
2004,IL,IL-14,R,0.614,0.207
2004,IL,IL-15,R,0.525,-0.685
2004,IL,IL-16,R,0.682,0.112
2004,IL,IL-17,D,-0.428,-0.089
2004,IL,IL-18,R,0.412,-0.175
2004,IL,IL-19,R,0.562,0.158
2004,IN,IN-01,D,-0.424,0.538
2004,IN,IN-02,R,0.757,-0.145
2004,IN,IN-03,R,0.631,-0.093
2004,IN,IN-04,R,0.606,0.234
2004,IN,IN-05,R,0.73,0.17
2004,IN,IN-06,R,0.812,0.094
2004,IN,IN-07,D,-0.452,-0.17
2004,IN,IN-08,R,0.774,0.423
2004,IN,IN-09,R,0.572,0.228
2004,IA,IA-01,R,0.53,-0.014
2004,IA,IA-02,R,0.22,-0.766
2004,IA,IA-03,D,-0.222,0.418
2004,IA,IA-04,R,0.478,0.109
2004,IA,IA-05,R,0.756,0.406
2004,KS,KS-01,R,0.519,0.428
2004,KS,KS-02,R,0.654,0.35
2004,KS,KS-03,D,-0.253,0.242
2004,KS,KS-04,R,0.565,0.331
2004,KY,KY-01,R,0.467,0.176
2004,KY,KY-02,R,0.55,0.421
2004,KY,KY-03,R,0.534,-0.082
2004,KY,KY-04,R,0.539,0.389
2004,KY,KY-05,R,0.476,0.254
2004,KY,KY-06,D,-0.205,0.626
2004,LA,LA-01,R,0.532,0.292
2004,LA,LA-02,D,-0.367,0.279
2004,LA,LA-03,D,-0.163,0.909
2004,LA,LA-04,R,0.536,0.228
2004,LA,LA-05,R,0.5,0.227
2004,LA,LA-06,R,0.547,0.28
2004,LA,LA-07,R,0.577,0.175
2004,ME,ME-01,D,-0.376,-0.088
2004,ME,ME-02,D,-0.315,0.286
2004,MD,MD-01,R,0.386,-0.654
2004,MD,MD-02,D,-0.252,0.108
2004,MD,MD-03,D,-0.292,-0.288
2004,MD,MD-04,D,-0.339,0.036
2004,MD,MD-05,D,-0.336,0.02
2004,MD,MD-06,R,0.698,-0.091
2004,MD,MD-07,D,-0.421,-0.205
2004,MD,MD-08,D,-0.378,-0.34
2004,MA,MA-01,D,-0.6,-0.113
2004,MA,MA-02,D,-0.439,-0.036
2004,MA,MA-03,D,-0.538,-0.171
2004,MA,MA-04,D,-0.544,-0.549
2004,MA,MA-05,D,-0.444,-0.574
2004,MA,MA-06,D,-0.513,-0.37
2004,MA,MA-07,D,-0.543,-0.319
2004,MA,MA-08,D,-0.575,0.16
2004,MA,MA-09,D,-0.367,0.261
2004,MA,MA-10,D,-0.493,-0.293
2004,MI,MI-01,D,-0.402,0.829
2004,MI,MI-02,R,0.748,-0.131
2004,MI,MI-03,R,0.66,-0.919
2004,MI,MI-04,R,0.572,0.012
2004,MI,MI-05,D,-0.368,0.277
2004,MI,MI-06,R,0.564,-0.417
2004,MI,MI-07,R,0.411,-0.363
2004,MI,MI-08,R,0.583,0.014
2004,MI,MI-09,R,0.546,-0.179
2004,MI,MI-10,R,0.46,0.031
2004,MI,MI-11,R,0.445,0.22
2004,MI,MI-12,D,-0.345,-0.126
2004,MI,MI-13,D,-0.482,-0.255
2004,MI,MI-14,D,-0.623,-0.513
2004,MI,MI-15,D,-0.417,0.394
2004,MN,MN-01,R,0.755,0.296
2004,MN,MN-02,R,0.691,0.005
2004,MN,MN-03,R,0.587,-0.869
2004,MN,MN-04,D,-0.425,-0.27
2004,MN,MN-05,D,-0.545,0.453
2004,MN,MN-06,R,0.674,-0.147
2004,MN,MN-07,D,-0.158,1.074
2004,MN,MN-08,D,-0.536,0.698
2004,MS,MS-01,R,0.514,0.284
2004,MS,MS-02,D,-0.48,0.497
2004,MS,MS-03,R,0.487,0.216
2004,MS,MS-04,D,-0.102,1.197
2004,MO,MO-01,D,-0.495,-0.09
2004,MO,MO-02,R,0.769,0.192
2004,MO,MO-03,D,-0.319,-0.002
2004,MO,MO-04,D,-0.188,0.744
2004,MO,MO-05,D,-0.432,-0.099
2004,MO,MO-06,R,0.56,0.339
2004,MO,MO-07,R,0.639,0.103
2004,MO,MO-08,R,0.392,0.302
2004,MO,MO-09,R,0.525,0.185
2004,MT,MT-01,R,0.519,0.098
2004,NE,NE-01,R,0.489,-0.086
2004,NE,NE-02,R,0.638,-0.091
2004,NE,NE-03,R,0.458,-0.086
2004,NV,NV-01,D,-0.287,0.013
2004,NV,NV-02,R,0.704,-0.101
2004,NV,NV-03,R,0.412,-0.146
2004,NH,NH-01,R,0.587,-0.692
2004,NH,NH-02,R,0.612,-0.796
2004,NJ,NJ-01,D,-0.322,-0.116
2004,NJ,NJ-02,R,0.422,-0.417
2004,NJ,NJ-03,R,0.389,-0.27
2004,NJ,NJ-04,R,0.308,-0.108
2004,NJ,NJ-05,R,0.836,0.005
2004,NJ,NJ-06,D,-0.474,0.021
2004,NJ,NJ-07,R,0.443,-0.523
2004,NJ,NJ-08,D,-0.36,0.091
2004,NJ,NJ-09,D,-0.341,-0.159
2004,NJ,NJ-10,D,-0.587,-0.566
2004,NJ,NJ-11,R,0.554,-0.587
2004,NJ,NJ-12,D,-0.467,-0.197
2004,NJ,NJ-13,D,-0.38,0.066
2004,NM,NM-01,R,0.444,-0.1
2004,NM,NM-02,R,0.658,0.058
2004,NM,NM-03,D,-0.45,0.329
2004,NY,NY-01,D,-0.333,-0.056
2004,NY,NY-02,D,-0.289,-0.109
2004,NY,NY-03,R,0.463,-0.146
2004,NY,NY-04,D,-0.273,-0.081
2004,NY,NY-05,D,-0.387,-0.228
2004,NY,NY-06,D,-0.4,-0.234
2004,NY,NY-07,D,-0.39,-0.028
2004,NY,NY-08,D,-0.503,-0.597
2004,NY,NY-09,D,-0.41,-0.397
2004,NY,NY-10,D,-0.492,-0.114
2004,NY,NY-11,D,-0.552,-0.506
2004,NY,NY-12,D,-0.547,-0.372
2004,NY,NY-13,R,0.671,-0.389
2004,NY,NY-14,D,-0.388,-0.37
2004,NY,NY-15,D,-0.451,-0.39
2004,NY,NY-16,D,-0.495,-0.503
2004,NY,NY-17,D,-0.369,-0.205
2004,NY,NY-18,D,-0.356,-0.289
2004,NY,NY-19,R,0.418,-0.683
2004,NY,NY-20,R,0.435,-0.199
2004,NY,NY-21,D,-0.441,0.48
2004,NY,NY-22,D,-0.575,0.072
2004,NY,NY-23,R,0.353,-0.091
2004,NY,NY-24,R,0.265,-0.683
2004,NY,NY-25,R,0.382,-0.129
2004,NY,NY-26,R,0.558,-0.109
2004,NY,NY-27,D,-0.318,0.146
2004,NY,NY-28,D,-0.525,-0.006
2004,NY,NY-29,R,0.451,0.014
2004,NC,NC-01,D,-0.355,0.211
2004,NC,NC-02,D,-0.275,0.318
2004,NC,NC-03,R,0.228,0.663
2004,NC,NC-04,D,-0.359,-0.018
2004,NC,NC-05,R,0.765,0.453
2004,NC,NC-06,R,0.715,0.252
2004,NC,NC-07,D,-0.147,0.784
2004,NC,NC-08,R,0.477,0.336
2004,NC,NC-09,R,0.744,0.03
2004,NC,NC-10,R,0.765,0.168
2004,NC,NC-11,R,0.595,0.306
2004,NC,NC-12,D,-0.503,-0.323
2004,NC,NC-13,D,-0.341,0.007
2004,ND,ND-01,D,-0.238,0.384
2004,OH,OH-01,R,0.797,-0.191
2004,OH,OH-02,R,0.536,-0.255
2004,OH,OH-02,R,0.674,-0.027
2004,OH,OH-03,R,0.467,-0.104
2004,OH,OH-04,R,0.491,0.02
2004,OH,OH-05,R,0.414,0.199
2004,OH,OH-06,D,-0.422,0.623
2004,OH,OH-07,R,0.518,-0.231
2004,OH,OH-08,R,0.695,0.108
2004,OH,OH-09,D,-0.378,0.334
2004,OH,OH-10,D,-0.634,0.524
2004,OH,OH-11,D,-0.499,-0.058
2004,OH,OH-12,R,0.618,-0.172
2004,OH,OH-13,D,-0.499,0.114
2004,OH,OH-14,R,0.389,-0.151
2004,OH,OH-15,R,0.547,-0.43
2004,OH,OH-16,R,0.398,-0.145
2004,OH,OH-17,D,-0.388,0.423
2004,OH,OH-18,R,0.413,0.211
2004,OK,OK-01,R,0.689,0.145
2004,OK,OK-02,D,-0.07,0.988
2004,OK,OK-03,R,0.499,0.331
2004,OK,OK-04,R,0.573,0.046
2004,OK,OK-05,R,0.657,0.295
2004,OR,OR-01,D,-0.387,0.317
2004,OR,OR-02,R,0.541,-0.139
2004,OR,OR-03,D,-0.464,-0.847
2004,OR,OR-04,D,-0.516,0.683
2004,OR,OR-05,D,-0.292,0.043
2004,PA,PA-01,D,-0.463,0.336
2004,PA,PA-02,D,-0.44,-0.142
2004,PA,PA-03,R,0.502,-0.27
2004,PA,PA-04,R,0.581,-0.065
2004,PA,PA-05,R,0.499,0.158
2004,PA,PA-06,R,0.376,-0.267
2004,PA,PA-07,R,0.35,-0.165
2004,PA,PA-08,R,0.431,-0.46
2004,PA,PA-09,R,0.534,0.288
2004,PA,PA-10,R,0.48,-0.087
2004,PA,PA-11,D,-0.315,0.508
2004,PA,PA-12,D,-0.227,0.557
2004,PA,PA-13,D,-0.313,-0.002
2004,PA,PA-14,D,-0.328,0.325
2004,PA,PA-15,R,0.448,-0.257
2004,PA,PA-16,R,0.731,-0.001
2004,PA,PA-17,D,-0.222,0.717
2004,PA,PA-18,R,0.377,0.122
2004,PA,PA-19,R,0.425,-0.134
2004,RI,RI-01,D,-0.395,-0.041
2004,RI,RI-02,D,-0.354,0.217
2004,SC,SC-01,R,0.541,0.13
2004,SC,SC-02,R,0.739,0.01
2004,SC,SC-03,R,0.826,0.066
2004,SC,SC-04,R,0.695,0.13
2004,SC,SC-05,D,-0.291,0.308
2004,SC,SC-06,D,-0.437,0.253
2004,SD,SD-01,D,-0.174,0.713
2004,TN,TN-01,R,0.585,0.408
2004,TN,TN-02,R,0.851,0.117
2004,TN,TN-03,R,0.611,0.099
2004,TN,TN-04,D,-0.177,0.84
2004,TN,TN-05,D,-0.205,0.525
2004,TN,TN-06,D,-0.17,0.439
2004,TN,TN-07,R,0.778,0.121
2004,TN,TN-08,D,-0.216,0.81
2004,TN,TN-09,D,-0.287,0.611
2004,TX,TX-01,R,0.682,0.377
2004,TX,TX-02,R,0.671,0.574
2004,TX,TX-03,R,0.723,0.407
2004,TX,TX-04,R,0.548,0.302
2004,TX,TX-05,R,0.903,0.007
2004,TX,TX-06,R,0.67,0.208
2004,TX,TX-07,R,0.634,0.387
2004,TX,TX-08,R,0.672,0.244
2004,TX,TX-09,D,-0.383,0.357
2004,TX,TX-10,R,0.62,0.095
2004,TX,TX-11,R,0.71,0.455
2004,TX,TX-12,R,0.584,0.06
2004,TX,TX-13,R,0.7,0.267
2004,TX,TX-14,R,1.091,-0.461
2004,TX,TX-15,D,-0.313,0.286
2004,TX,TX-16,D,-0.303,0.334
2004,TX,TX-17,D,-0.217,0.53
2004,TX,TX-18,D,-0.451,0.135
2004,TX,TX-19,R,0.717,0.348
2004,TX,TX-20,D,-0.311,0.216
2004,TX,TX-21,R,0.558,0.186
2004,TX,TX-22,R,0.618,0.066
2004,TX,TX-23,R,0.582,0.125
2004,TX,TX-24,R,0.713,0.371
2004,TX,TX-25,D,-0.421,-0.224
2004,TX,TX-26,R,0.605,0.39
2004,TX,TX-27,D,-0.242,0.578
2004,TX,TX-28,D,-0.192,0.747
2004,TX,TX-29,D,-0.322,0.696
2004,TX,TX-30,D,-0.466,0.196
2004,TX,TX-31,R,0.639,0.289
2004,TX,TX-32,R,0.745,0.179
2004,UT,UT-01,R,0.657,0.204
2004,UT,UT-02,D,-0.118,0.818
2004,UT,UT-03,R,0.798,0.027
2004,VT,VT-01,I,-0.51,0.072
2004,VA,VA-01,R,0.531,0.415
2004,VA,VA-02,R,0.563,0.193
2004,VA,VA-03,D,-0.439,-0.026
2004,VA,VA-04,R,0.55,0.233
2004,VA,VA-05,R,0.543,0.683
2004,VA,VA-06,R,0.667,0.168
2004,VA,VA-07,R,0.709,0.02
2004,VA,VA-08,D,-0.304,-0.316
2004,VA,VA-09,D,-0.209,0.225
2004,VA,VA-10,R,0.449,-0.086
2004,VA,VA-11,R,0.625,-0.719
2004,WA,WA-01,D,-0.329,-0.164
2004,WA,WA-02,D,-0.362,0.415
2004,WA,WA-03,D,-0.354,0.558
2004,WA,WA-04,R,0.572,0.256
2004,WA,WA-05,R,0.598,0.158
2004,WA,WA-06,D,-0.292,0.059
2004,WA,WA-07,D,-0.688,-0.075
2004,WA,WA-08,R,0.48,-0.59
2004,WA,WA-09,D,-0.244,-0.086
2004,WV,WV-01,D,-0.287,0.636
2004,WV,WV-02,R,0.406,-0.04
2004,WV,WV-03,D,-0.322,0.768
2004,WI,WI-01,R,0.791,-0.247
2004,WI,WI-02,D,-0.554,-0.137
2004,WI,WI-03,D,-0.281,0.188
2004,WI,WI-04,D,-0.538,-0.458
2004,WI,WI-05,R,1.06,-0.463
2004,WI,WI-06,R,0.657,-0.008
2004,WI,WI-07,D,-0.447,0.163
2004,WI,WI-08,R,0.648,-0.264
2004,WY,WY-01,R,0.618,0.378
2006,HI,HI-00,R,0.957,-0.291
2006,AL,AL-01,R,0.525,0.315
2006,AL,AL-02,R,0.552,0.411
2006,AL,AL-03,R,0.466,0.317
2006,AL,AL-04,R,0.475,0.437
2006,AL,AL-05,D,-0.091,0.627
2006,AL,AL-06,R,0.565,0.181
2006,AL,AL-07,D,-0.238,0.403
2006,AK,AK-01,R,0.469,0.146
2006,AZ,AZ-01,R,0.411,0.19
2006,AZ,AZ-02,R,0.894,0.202
2006,AZ,AZ-03,R,0.938,0.144
2006,AZ,AZ-04,D,-0.442,0.16
2006,AZ,AZ-05,D,-0.029,0.726
2006,AZ,AZ-06,R,0.997,0.116
2006,AZ,AZ-07,D,-0.586,-0.254
2006,AZ,AZ-08,D,-0.104,0.749
2006,AR,AR-01,D,-0.312,0.988
2006,AR,AR-02,D,-0.245,0.083
2006,AR,AR-03,R,0.572,0.217
2006,AR,AR-04,D,-0.141,0.823
2006,CA,CA-01,D,-0.413,0.383
2006,CA,CA-02,R,0.704,0.325
2006,CA,CA-03,R,0.658,0.063
2006,CA,CA-04,R,0.623,0.18
2006,CA,CA-05,D,-0.428,-0.274
2006,CA,CA-06,D,-0.625,-0.634
2006,CA,CA-07,D,-0.636,-0.121
2006,CA,CA-08,D,-0.428,-0.33
2006,CA,CA-09,D,-0.694,-0.672
2006,CA,CA-10,D,-0.317,-0.202
2006,CA,CA-11,D,-0.225,0.18
2006,CA,CA-12,D,-0.383,-0.182
2006,CA,CA-12,D,-0.48,-0.009
2006,CA,CA-13,D,-0.7,-0.525
2006,CA,CA-14,D,-0.376,-0.535
2006,CA,CA-15,D,-0.546,-0.54
2006,CA,CA-16,D,-0.415,-0.567
2006,CA,CA-17,D,-0.485,-0.293
2006,CA,CA-18,D,-0.227,0.68
2006,CA,CA-19,R,0.672,0.137
2006,CA,CA-20,D,-0.192,0.758
2006,CA,CA-21,R,0.659,0.089
2006,CA,CA-22,R,0.652,0.121
2006,CA,CA-23,D,-0.411,-0.325
2006,CA,CA-24,R,0.562,0.165
2006,CA,CA-25,R,0.594,0.096
2006,CA,CA-26,R,0.592,0.02
2006,CA,CA-27,D,-0.363,-0.201
2006,CA,CA-28,D,-0.356,-0.363
2006,CA,CA-29,D,-0.315,-0.197
2006,CA,CA-30,D,-0.467,-0.435
2006,CA,CA-31,D,-0.465,-0.304
2006,CA,CA-32,D,-0.509,-0.387
2006,CA,CA-33,D,-0.534,-0.476
2006,CA,CA-34,D,-0.434,-0.348
2006,CA,CA-35,D,-0.617,-0.029
2006,CA,CA-36,D,-0.28,-0.104
2006,CA,CA-37,D,-0.38,-0.28
2006,CA,CA-37,D,-0.326,0.034
2006,CA,CA-38,D,-0.458,-0.255
2006,CA,CA-39,D,-0.502,-0.294
2006,CA,CA-40,R,0.91,-0.152
2006,CA,CA-41,R,0.527,0.083
2006,CA,CA-42,R,0.643,0.216
2006,CA,CA-43,D,-0.327,0.307
2006,CA,CA-44,R,0.527,0.181
2006,CA,CA-45,R,0.636,-0.327
2006,CA,CA-46,R,0.897,-0.189
2006,CA,CA-47,D,-0.379,0.075
2006,CA,CA-48,R,0.984,-0.18
2006,CA,CA-49,R,0.737,-0.004
2006,CA,CA-50,R,0.752,-0.641
2006,CA,CA-51,D,-0.649,0.152
2006,CA,CA-52,R,0.626,0.244
2006,CA,CA-53,D,-0.313,-0.222
2006,CO,CO-01,D,-0.42,-0.385
2006,CO,CO-02,D,-0.321,0.517
2006,CO,CO-03,D,-0.245,0.572
2006,CO,CO-04,R,0.705,0.277
2006,CO,CO-05,R,0.842,0.3
2006,CO,CO-06,R,0.906,0.157
2006,CO,CO-07,D,-0.286,0.435
2006,CT,CT-01,D,-0.415,-0.098
2006,CT,CT-02,D,-0.345,0.199
2006,CT,CT-03,D,-0.434,-0.112
2006,CT,CT-04,R,0.399,-0.962
2006,CT,CT-05,D,-0.29,-0.08
2006,DE,DE-01,R,0.562,-1.048
2006,FL,FL-01,R,0.79,0.226
2006,FL,FL-02,D,-0.158,0.48
2006,FL,FL-03,D,-0.382,0.105
2006,FL,FL-04,R,0.529,0.085
2006,FL,FL-05,R,0.52,0.217
2006,FL,FL-06,R,0.764,0.225
2006,FL,FL-07,R,0.641,0.165
2006,FL,FL-08,R,0.635,0.005
2006,FL,FL-09,R,0.554,0.059
2006,FL,FL-10,R,0.481,-0.044
2006,FL,FL-11,D,-0.396,-0.025
2006,FL,FL-12,R,0.613,-0.029
2006,FL,FL-13,R,0.561,-0.098
2006,FL,FL-14,R,0.803,-0.005
2006,FL,FL-15,R,0.662,0.169
2006,FL,FL-16,D,-0.166,0.795
2006,FL,FL-17,D,-0.345,0.074
2006,FL,FL-18,R,0.446,-0.154
2006,FL,FL-19,D,-0.406,-0.251
2006,FL,FL-20,D,-0.388,-0.162
2006,FL,FL-21,R,0.51,-0.201
2006,FL,FL-22,D,-0.231,0.061
2006,FL,FL-23,D,-0.523,0.209
2006,FL,FL-24,R,0.803,0.083
2006,FL,FL-25,R,0.512,-0.154
2006,GA,GA-01,R,0.686,0.554
2006,GA,GA-02,D,-0.23,0.524
2006,GA,GA-03,R,0.787,0.441
2006,GA,GA-04,D,-0.433,-0.106
2006,GA,GA-05,D,-0.586,-0.213
2006,GA,GA-06,R,0.816,0.145
2006,GA,GA-07,R,0.819,0.116
2006,GA,GA-08,D,-0.115,0.987
2006,GA,GA-09,R,0.808,0.258
2006,GA,GA-10,R,0.97,0.245
2006,GA,GA-11,R,0.703,0.313
2006,GA,GA-12,D,-0.086,0.663
2006,GA,GA-13,D,-0.272,0.288
2006,HI,HI-01,D,-0.391,0.006
2006,HI,HI-02,D,-0.492,-0.228
2006,ID,ID-01,R,0.76,0.426
2006,ID,ID-02,R,0.458,0.152
2006,IL,IL-01,D,-0.437,-0.297
2006,IL,IL-02,D,-0.537,-0.62
2006,IL,IL-03,D,-0.258,0.483
2006,IL,IL-04,D,-0.497,-0.239
2006,IL,IL-05,D,-0.362,-0.172
2006,IL,IL-06,R,0.665,-0.032
2006,IL,IL-07,D,-0.488,-0.431
2006,IL,IL-08,D,-0.179,0.644
2006,IL,IL-09,D,-0.598,-0.248
2006,IL,IL-10,R,0.559,-0.853
2006,IL,IL-11,R,0.497,-0.137
2006,IL,IL-12,D,-0.378,0.967
2006,IL,IL-13,R,0.623,-0.602
2006,IL,IL-14,R,0.641,0.257
2006,IL,IL-14,D,-0.212,0.848
2006,IL,IL-15,R,0.672,-0.917
2006,IL,IL-16,R,0.697,0.125
2006,IL,IL-17,D,-0.367,0.206
2006,IL,IL-18,R,0.422,-0.173
2006,IL,IL-19,R,0.58,0.157
2006,IN,IN-01,D,-0.428,0.565
2006,IN,IN-02,D,-0.108,0.794
2006,IN,IN-03,R,0.628,-0.065
2006,IN,IN-04,R,0.626,0.237
2006,IN,IN-05,R,0.742,0.183
2006,IN,IN-06,R,0.823,0.102
2006,IN,IN-07,D,-0.449,-0.154
2006,IN,IN-07,D,-0.395,0.075
2006,IN,IN-08,D,-0.114,0.983
2006,IN,IN-09,D,-0.025,0.293
2006,IA,IA-01,D,-0.353,-0.001
2006,IA,IA-02,D,-0.308,0.237
2006,IA,IA-03,D,-0.237,0.47
2006,IA,IA-04,R,0.477,0.12
2006,IA,IA-05,R,0.744,0.425
2006,KS,KS-01,R,0.526,0.433
2006,KS,KS-02,D,-0.188,0.756
2006,KS,KS-03,D,-0.248,0.232
2006,KS,KS-04,R,0.551,0.377
2006,KY,KY-01,R,0.481,0.177
2006,KY,KY-02,R,0.561,0.423
2006,KY,KY-03,D,-0.367,-0.095
2006,KY,KY-04,R,0.539,0.389
2006,KY,KY-05,R,0.494,0.277
2006,KY,KY-06,D,-0.197,0.634
2006,LA,LA-01,R,0.532,0.292
2006,LA,LA-01,R,0.743,0.174
2006,LA,LA-02,D,-0.349,0.287
2006,LA,LA-03,D,-0.163,0.909
2006,LA,LA-04,R,0.562,0.235
2006,LA,LA-05,R,0.5,0.227
2006,LA,LA-06,R,0.561,0.318
2006,LA,LA-06,D,0.006,0.738
2006,LA,LA-07,R,0.577,0.175
2006,ME,ME-01,D,-0.368,-0.087
2006,ME,ME-02,D,-0.303,0.279
2006,MD,MD-01,R,0.406,-0.651
2006,MD,MD-02,D,-0.257,0.108
2006,MD,MD-03,D,-0.413,-0.198
2006,MD,MD-04,D,-0.325,0.038
2006,MD,MD-04,D,-0.551,-0.618
2006,MD,MD-05,D,-0.331,-0.005
2006,MD,MD-06,R,0.713,-0.139
2006,MD,MD-07,D,-0.421,-0.205
2006,MD,MD-08,D,-0.363,-0.334
2006,MA,MA-01,D,-0.612,-0.106
2006,MA,MA-02,D,-0.449,-0.039
2006,MA,MA-03,D,-0.547,-0.171
2006,MA,MA-04,D,-0.55,-0.552
2006,MA,MA-05,D,-0.466,-0.569
2006,MA,MA-05,D,-0.398,-0.245
2006,MA,MA-06,D,-0.51,-0.343
2006,MA,MA-07,D,-0.55,-0.304
2006,MA,MA-08,D,-0.571,0.143
2006,MA,MA-09,D,-0.37,0.256
2006,MA,MA-10,D,-0.486,-0.276
2006,MI,MI-01,D,-0.406,0.857
2006,MI,MI-02,R,0.762,-0.068
2006,MI,MI-03,R,0.705,-0.968
2006,MI,MI-04,R,0.597,0.026
2006,MI,MI-05,D,-0.367,0.321
2006,MI,MI-06,R,0.593,-0.397
2006,MI,MI-07,R,0.68,0.252
2006,MI,MI-08,R,0.598,0.036
2006,MI,MI-09,R,0.556,-0.196
2006,MI,MI-10,R,0.516,-0.038
2006,MI,MI-11,R,0.497,0.147
2006,MI,MI-12,D,-0.343,-0.126
2006,MI,MI-13,D,-0.479,-0.256
2006,MI,MI-14,D,-0.619,-0.504
2006,MI,MI-15,D,-0.415,0.394
2006,MN,MN-01,D,-0.281,0.462
2006,MN,MN-02,R,0.713,0.024
2006,MN,MN-03,R,0.624,-0.866
2006,MN,MN-04,D,-0.422,-0.267
2006,MN,MN-05,D,-0.563,-0.713
2006,MN,MN-06,R,0.759,0.124
2006,MN,MN-07,D,-0.163,1.116
2006,MN,MN-08,D,-0.535,0.744
2006,MS,MS-01,R,0.52,0.274
2006,MS,MS-01,D,0.013,0.893
2006,MS,MS-02,D,-0.469,0.499
2006,MS,MS-03,R,0.492,0.188
2006,MS,MS-04,D,-0.122,1.263
2006,MO,MO-01,D,-0.507,-0.105
2006,MO,MO-02,R,0.761,0.236
2006,MO,MO-03,D,-0.319,-0.002
2006,MO,MO-04,D,-0.193,0.741
2006,MO,MO-05,D,-0.432,-0.099
2006,MO,MO-06,R,0.581,0.337
2006,MO,MO-07,R,0.652,0.106
2006,MO,MO-08,R,0.398,0.295
2006,MO,MO-09,R,0.518,0.229
2006,MT,MT-01,R,0.517,0.124
2006,NE,NE-01,R,0.489,-0.086
2006,NE,NE-02,R,0.649,-0.093
2006,NE,NE-03,R,0.679,0.178
2006,NV,NV-01,D,-0.284,0.035
2006,NV,NV-02,R,0.751,-0.343
2006,NV,NV-03,R,0.412,-0.146
2006,NH,NH-01,D,-0.314,0.11
2006,NH,NH-02,D,-0.287,0.521
2006,NJ,NJ-01,D,-0.344,-0.116
2006,NJ,NJ-02,R,0.43,-0.407
2006,NJ,NJ-03,R,0.41,-0.267
2006,NJ,NJ-04,R,0.334,-0.108
2006,NJ,NJ-05,R,0.872,-0.001
2006,NJ,NJ-06,D,-0.507,0.025
2006,NJ,NJ-07,R,0.443,-0.523
2006,NJ,NJ-08,D,-0.374,0.061
2006,NJ,NJ-09,D,-0.347,-0.159
2006,NJ,NJ-10,D,-0.584,-0.575
2006,NJ,NJ-11,R,0.577,-0.52
2006,NJ,NJ-12,D,-0.483,-0.249
2006,NJ,NJ-13,D,-0.379,0.104
2006,NM,NM-01,R,0.464,-0.097
2006,NM,NM-02,R,0.658,0.058
2006,NM,NM-03,D,-0.437,0.296
2006,NY,NY-01,D,-0.323,-0.047
2006,NY,NY-02,D,-0.31,-0.103
2006,NY,NY-03,R,0.48,-0.138
2006,NY,NY-04,D,-0.276,-0.06
2006,NY,NY-05,D,-0.379,-0.229
2006,NY,NY-06,D,-0.38,-0.225
2006,NY,NY-07,D,-0.397,-0.087
2006,NY,NY-08,D,-0.496,-0.591
2006,NY,NY-09,D,-0.41,-0.397
2006,NY,NY-10,D,-0.485,-0.104
2006,NY,NY-11,D,-0.586,-0.374
2006,NY,NY-12,D,-0.543,-0.372
2006,NY,NY-13,R,0.691,-0.397
2006,NY,NY-14,D,-0.388,-0.37
2006,NY,NY-15,D,-0.442,-0.392
2006,NY,NY-16,D,-0.497,-0.517
2006,NY,NY-17,D,-0.356,-0.203
2006,NY,NY-18,D,-0.349,-0.289
2006,NY,NY-19,D,-0.311,0.189
2006,NY,NY-20,D,-0.193,0.728
2006,NY,NY-21,D,-0.461,0.474
2006,NY,NY-22,D,-0.577,0.097
2006,NY,NY-23,R,0.358,-0.084
2006,NY,NY-24,D,-0.196,0.594
2006,NY,NY-25,R,0.411,-0.127
2006,NY,NY-26,R,0.579,-0.099
2006,NY,NY-27,D,-0.318,0.146
2006,NY,NY-28,D,-0.545,0
2006,NY,NY-29,R,0.451,0.014
2006,NC,NC-01,D,-0.36,0.211
2006,NC,NC-02,D,-0.275,0.318
2006,NC,NC-03,R,0.187,0.663
2006,NC,NC-04,D,-0.377,-0.032
2006,NC,NC-05,R,0.765,0.453
2006,NC,NC-06,R,0.738,0.278
2006,NC,NC-07,D,-0.144,0.784
2006,NC,NC-08,R,0.474,0.328
2006,NC,NC-09,R,0.757,0.036
2006,NC,NC-10,R,0.765,0.168
2006,NC,NC-11,D,-0.048,0.649
2006,NC,NC-12,D,-0.487,-0.323
2006,NC,NC-13,D,-0.351,0.006
2006,ND,ND-01,D,-0.231,0.389
2006,OH,OH-01,R,0.803,-0.157
2006,OH,OH-02,R,0.674,-0.027
2006,OH,OH-03,R,0.457,-0.06
2006,OH,OH-04,R,0.817,0.28
2006,OH,OH-05,R,0.443,0.201
2006,OH,OH-05,R,0.655,0.32
2006,OH,OH-06,D,-0.285,0.596
2006,OH,OH-07,R,0.548,-0.224
2006,OH,OH-08,R,0.717,0.113
2006,OH,OH-09,D,-0.385,0.353
2006,OH,OH-10,D,-0.682,0.521
2006,OH,OH-11,D,-0.484,-0.045
2006,OH,OH-12,R,0.618,-0.172
2006,OH,OH-13,D,-0.426,0.237
2006,OH,OH-14,R,0.405,-0.141
2006,OH,OH-15,R,0.571,-0.419
2006,OH,OH-16,R,0.42,-0.14
2006,OH,OH-17,D,-0.399,0.43
2006,OH,OH-18,D,-0.151,0.7
2006,OK,OK-01,R,0.693,0.146
2006,OK,OK-02,D,-0.07,0.988
2006,OK,OK-03,R,0.504,0.332
2006,OK,OK-04,R,0.537,0.156
2006,OK,OK-05,R,0.611,0.175
2006,OR,OR-01,D,-0.393,0.307
2006,OR,OR-02,R,0.565,-0.152
2006,OR,OR-03,D,-0.478,-0.873
2006,OR,OR-04,D,-0.525,0.762
2006,OR,OR-05,D,-0.285,0.076
2006,PA,PA-01,D,-0.454,0.314
2006,PA,PA-02,D,-0.417,-0.136
2006,PA,PA-03,R,0.514,-0.258
2006,PA,PA-04,D,-0.137,0.975
2006,PA,PA-05,R,0.506,0.159
2006,PA,PA-06,R,0.411,-0.26
2006,PA,PA-07,D,-0.23,-0.031
2006,PA,PA-08,D,-0.227,0.73
2006,PA,PA-09,R,0.525,0.295
2006,PA,PA-10,D,-0.12,0.844
2006,PA,PA-11,D,-0.318,0.524
2006,PA,PA-12,D,-0.224,0.548
2006,PA,PA-13,D,-0.313,-0.002
2006,PA,PA-14,D,-0.355,0.314
2006,PA,PA-15,R,0.448,-0.257
2006,PA,PA-16,R,0.748,-0.001
2006,PA,PA-17,D,-0.226,0.753
2006,PA,PA-18,R,0.382,0.163
2006,PA,PA-19,R,0.445,-0.169
2006,RI,RI-01,D,-0.392,-0.041
2006,RI,RI-02,D,-0.355,0.167
2006,SC,SC-01,R,0.538,0.21
2006,SC,SC-02,R,0.758,0.014
2006,SC,SC-03,R,0.826,0.066
2006,SC,SC-04,R,0.772,-0.063
2006,SC,SC-05,D,-0.3,0.309
2006,SC,SC-06,D,-0.426,0.232
2006,SD,SD-01,D,-0.174,0.713
2006,TN,TN-01,R,0.69,0.341
2006,TN,TN-02,R,0.888,0.081
2006,TN,TN-03,R,0.623,0.108
2006,TN,TN-04,D,-0.177,0.84
2006,TN,TN-05,D,-0.215,0.576
2006,TN,TN-06,D,-0.164,0.465
2006,TN,TN-07,R,0.783,0.137
2006,TN,TN-08,D,-0.227,0.83
2006,TN,TN-09,D,-0.411,-0.431
2006,TX,TX-01,R,0.682,0.377
2006,TX,TX-02,R,0.671,0.574
2006,TX,TX-03,R,0.737,0.402
2006,TX,TX-04,R,0.577,0.308
2006,TX,TX-05,R,0.895,0.066
2006,TX,TX-06,R,0.68,0.209
2006,TX,TX-07,R,0.617,0.443
2006,TX,TX-08,R,0.697,0.253
2006,TX,TX-09,D,-0.383,0.357
2006,TX,TX-10,R,0.62,0.095
2006,TX,TX-11,R,0.71,0.455
2006,TX,TX-12,R,0.595,0.115
2006,TX,TX-13,R,0.716,0.275
2006,TX,TX-14,R,1.158,-0.49
2006,TX,TX-15,D,-0.316,0.316
2006,TX,TX-16,D,-0.309,0.333
2006,TX,TX-17,D,-0.217,0.53
2006,TX,TX-18,D,-0.456,0.166
2006,TX,TX-19,R,0.746,0.363
2006,TX,TX-20,D,-0.309,0.29
2006,TX,TX-21,R,0.573,0.207
2006,TX,TX-22,D,-0.016,0.546
2006,TX,TX-23,D,-0.315,0.28
2006,TX,TX-24,R,0.713,0.371
2006,TX,TX-25,D,-0.425,-0.217
2006,TX,TX-26,R,0.692,0.228
2006,TX,TX-27,D,-0.24,0.556
2006,TX,TX-28,D,-0.192,0.747
2006,TX,TX-29,D,-0.322,0.759
2006,TX,TX-30,D,-0.463,0.174
2006,TX,TX-31,R,0.605,0.413
2006,TX,TX-32,R,0.763,0.178
2006,UT,UT-01,R,0.686,0.191
2006,UT,UT-02,D,-0.107,0.909
2006,UT,UT-03,R,0.826,0.031
2006,VT,VT-01,D,-0.474,0.152
2006,VA,VA-01,R,0.531,0.415
2006,VA,VA-01,R,0.585,-0.046
2006,VA,VA-02,R,0.563,0.193
2006,VA,VA-03,D,-0.432,-0.074
2006,VA,VA-04,R,0.562,0.206
2006,VA,VA-05,R,0.543,0.683
2006,VA,VA-06,R,0.696,0.16
2006,VA,VA-07,R,0.726,0.031
2006,VA,VA-08,D,-0.315,-0.357
2006,VA,VA-09,D,-0.199,0.228
2006,VA,VA-10,R,0.469,-0.074
2006,VA,VA-11,R,0.69,-0.78
2006,WA,WA-01,D,-0.346,-0.168
2006,WA,WA-02,D,-0.351,0.365
2006,WA,WA-03,D,-0.315,0.591
2006,WA,WA-04,R,0.578,0.266
2006,WA,WA-05,R,0.598,0.158
2006,WA,WA-06,D,-0.291,0.044
2006,WA,WA-07,D,-0.699,-0.07
2006,WA,WA-08,R,0.48,-0.59
2006,WA,WA-09,D,-0.247,-0.085
2006,WV,WV-01,D,-0.287,0.62
2006,WV,WV-02,R,0.431,-0.025
2006,WV,WV-03,D,-0.322,0.81
2006,WI,WI-01,R,0.819,-0.237
2006,WI,WI-02,D,-0.554,-0.137
2006,WI,WI-03,D,-0.286,0.28
2006,WI,WI-04,D,-0.538,-0.458
2006,WI,WI-05,R,1.107,-0.455
2006,WI,WI-06,R,0.697,-0.007
2006,WI,WI-07,D,-0.446,0.182
2006,WI,WI-08,D,-0.338,0.475
2006,WY,WY-01,R,0.618,0.393
2008,HI,HI-00,D,-0.286,-0.121
2008,AL,AL-01,R,0.493,0.393
2008,AL,AL-02,D,0.079,0.997
2008,AL,AL-03,R,0.446,0.365
2008,AL,AL-04,R,0.471,0.417
2008,AL,AL-05,D,-0.013,0.706
2008,AL,AL-05,R,0.553,0.333
2008,AL,AL-06,R,0.576,0.186
2008,AL,AL-07,D,-0.238,0.403
2008,AK,AK-01,R,0.49,0.152
2008,AZ,AZ-01,D,-0.07,0.911
2008,AZ,AZ-02,R,0.874,0.192
2008,AZ,AZ-03,R,0.964,0.156
2008,AZ,AZ-04,D,-0.448,0.169
2008,AZ,AZ-05,D,-0.029,0.726
2008,AZ,AZ-06,R,1.005,0.117
2008,AZ,AZ-07,D,-0.586,-0.254
2008,AZ,AZ-08,D,-0.104,0.749
2008,AR,AR-01,D,-0.326,1.009
2008,AR,AR-02,D,-0.241,0.087
2008,AR,AR-03,R,0.592,0.222
2008,AR,AR-04,D,-0.116,0.873
2008,CA,CA-01,D,-0.415,0.358
2008,CA,CA-02,R,0.717,0.338
2008,CA,CA-03,R,0.685,0.067
2008,CA,CA-04,R,0.994,-0.111
2008,CA,CA-05,D,-0.428,-0.274
2008,CA,CA-06,D,-0.648,-0.652
2008,CA,CA-07,D,-0.647,-0.085
2008,CA,CA-08,D,-0.413,-0.325
2008,CA,CA-09,D,-0.694,-0.672
2008,CA,CA-10,D,-0.33,-0.203
2008,CA,CA-10,D,-0.384,-0.044
2008,CA,CA-11,D,-0.225,0.18
2008,CA,CA-12,D,-0.48,-0.009
2008,CA,CA-13,D,-0.707,-0.522
2008,CA,CA-14,D,-0.373,-0.537
2008,CA,CA-15,D,-0.554,-0.543
2008,CA,CA-16,D,-0.417,-0.567
2008,CA,CA-17,D,-0.496,-0.302
2008,CA,CA-18,D,-0.23,0.785
2008,CA,CA-19,R,0.683,0.139
2008,CA,CA-20,D,-0.192,0.758
2008,CA,CA-21,R,0.685,0.187
2008,CA,CA-22,R,0.652,0.121
2008,CA,CA-23,D,-0.431,-0.33
2008,CA,CA-24,R,0.576,0.201
2008,CA,CA-25,R,0.607,0.098
2008,CA,CA-26,R,0.595,0.023
2008,CA,CA-27,D,-0.377,-0.2
2008,CA,CA-28,D,-0.347,-0.364
2008,CA,CA-29,D,-0.319,-0.196
2008,CA,CA-30,D,-0.466,-0.447
2008,CA,CA-31,D,-0.45,-0.306
2008,CA,CA-32,D,-0.502,-0.566
2008,CA,CA-33,D,-0.539,-0.476
2008,CA,CA-34,D,-0.421,-0.348
2008,CA,CA-35,D,-0.606,-0.028
2008,CA,CA-36,D,-0.295,-0.105
2008,CA,CA-37,D,-0.326,0.034
2008,CA,CA-38,D,-0.481,-0.288
2008,CA,CA-39,D,-0.507,-0.295
2008,CA,CA-40,R,0.916,-0.129
2008,CA,CA-41,R,0.545,0.099
2008,CA,CA-42,R,0.636,0.263
2008,CA,CA-43,D,-0.337,0.317
2008,CA,CA-44,R,0.546,0.188
2008,CA,CA-45,R,0.664,-0.32
2008,CA,CA-46,R,0.928,-0.216
2008,CA,CA-47,D,-0.385,0.074
2008,CA,CA-48,R,0.984,-0.18
2008,CA,CA-49,R,0.784,0.017
2008,CA,CA-50,R,0.797,-0.602
2008,CA,CA-51,D,-0.651,0.152
2008,CA,CA-52,R,0.667,0.285
2008,CA,CA-53,D,-0.311,-0.215
2008,CO,CO-01,D,-0.408,-0.372
2008,CO,CO-02,D,-0.327,-0.556
2008,CO,CO-03,D,-0.245,0.572
2008,CO,CO-04,D,-0.222,0.911
2008,CO,CO-05,R,0.842,0.3
2008,CO,CO-06,R,0.766,-0.01
2008,CO,CO-07,D,-0.286,0.435
2008,CT,CT-01,D,-0.424,-0.087
2008,CT,CT-02,D,-0.345,0.199
2008,CT,CT-03,D,-0.44,-0.113
2008,CT,CT-04,D,-0.224,0.05
2008,CT,CT-05,D,-0.29,-0.08
2008,DE,DE-01,R,0.606,-1.105
2008,FL,FL-01,R,0.802,0.182
2008,FL,FL-02,D,-0.158,0.49
2008,FL,FL-03,D,-0.373,0.103
2008,FL,FL-04,R,0.517,0.142
2008,FL,FL-05,R,0.52,0.217
2008,FL,FL-06,R,0.789,0.227
2008,FL,FL-07,R,0.659,0.172
2008,FL,FL-08,D,-0.383,0.268
2008,FL,FL-09,R,0.554,0.059
2008,FL,FL-10,R,0.494,-0.043
2008,FL,FL-11,D,-0.396,-0.025
2008,FL,FL-12,R,0.608,-0.031
2008,FL,FL-13,R,0.561,-0.098
2008,FL,FL-14,R,0.803,-0.005
2008,FL,FL-15,R,0.717,-0.146
2008,FL,FL-16,R,0.669,0.131
2008,FL,FL-17,D,-0.345,0.074
2008,FL,FL-18,R,0.466,-0.129
2008,FL,FL-19,D,-0.416,-0.257
2008,FL,FL-19,D,-0.405,-0.166
2008,FL,FL-20,D,-0.388,-0.162
2008,FL,FL-21,R,0.548,-0.205
2008,FL,FL-22,D,-0.231,0.061
2008,FL,FL-23,D,-0.509,0.2
2008,FL,FL-24,D,-0.143,0.504
2008,FL,FL-25,R,0.437,-0.009
2008,GA,GA-01,R,0.711,0.563
2008,GA,GA-02,D,-0.22,0.53
2008,GA,GA-03,R,0.787,0.441
2008,GA,GA-04,D,-0.433,-0.106
2008,GA,GA-05,D,-0.584,-0.216
2008,GA,GA-06,R,0.816,0.145
2008,GA,GA-07,R,0.857,0.119
2008,GA,GA-08,D,-0.115,0.987
2008,GA,GA-09,R,0.847,0.266
2008,GA,GA-09,R,0.981,0.194
2008,GA,GA-10,R,0.97,0.245
2008,GA,GA-11,R,0.733,0.319
2008,GA,GA-12,D,-0.086,0.663
2008,GA,GA-13,D,-0.309,0.243
2008,HI,HI-01,D,-0.379,0.009
2008,HI,HI-01,R,0.231,0.496
2008,HI,HI-02,D,-0.492,-0.228
2008,ID,ID-01,D,0.088,0.989
2008,ID,ID-02,R,0.445,0.185
2008,IL,IL-01,D,-0.421,-0.295
2008,IL,IL-02,D,-0.531,-0.612
2008,IL,IL-03,D,-0.258,0.483
2008,IL,IL-04,D,-0.499,-0.24
2008,IL,IL-05,D,-0.323,-0.433
2008,IL,IL-06,R,0.665,-0.032
2008,IL,IL-07,D,-0.483,-0.423
2008,IL,IL-08,D,-0.179,0.644
2008,IL,IL-09,D,-0.596,-0.24
2008,IL,IL-10,R,0.599,-0.85
2008,IL,IL-11,D,-0.265,0.964
2008,IL,IL-12,D,-0.391,0.999
2008,IL,IL-13,R,0.634,-0.548
2008,IL,IL-14,D,-0.212,0.848
2008,IL,IL-15,R,0.82,-1.149
2008,IL,IL-16,R,0.711,0.138
2008,IL,IL-17,D,-0.367,0.206
2008,IL,IL-18,R,0.525,0.058
2008,IL,IL-19,R,0.598,0.157
2008,IN,IN-01,D,-0.432,0.593
2008,IN,IN-02,D,-0.108,0.794
2008,IN,IN-03,R,0.625,-0.037
2008,IN,IN-03,R,0.951,0.099
2008,IN,IN-04,R,0.645,0.241
2008,IN,IN-05,R,0.754,0.196
2008,IN,IN-06,R,0.834,0.111
2008,IN,IN-07,D,-0.395,0.075
2008,IN,IN-08,D,-0.114,0.983
2008,IN,IN-09,D,0.039,0.247
2008,IA,IA-01,D,-0.353,-0.001
2008,IA,IA-02,D,-0.308,0.237
2008,IA,IA-03,D,-0.251,0.521
2008,IA,IA-04,R,0.476,0.132
2008,IA,IA-05,R,0.732,0.443
2008,KS,KS-01,R,0.532,0.439
2008,KS,KS-02,R,0.751,-0.032
2008,KS,KS-03,D,-0.244,0.222
2008,KS,KS-04,R,0.536,0.423
2008,KY,KY-01,R,0.495,0.177
2008,KY,KY-02,R,0.529,0.206
2008,KY,KY-03,D,-0.367,-0.095
2008,KY,KY-04,R,0.539,0.389
2008,KY,KY-05,R,0.512,0.3
2008,KY,KY-06,D,-0.188,0.641
2008,LA,LA-01,R,0.743,0.174
2008,LA,LA-02,R,0.257,0.169
2008,LA,LA-03,D,-0.163,0.909
2008,LA,LA-04,R,0.739,0.128
2008,LA,LA-05,R,0.5,0.227
2008,LA,LA-06,R,0.714,-0.168
2008,LA,LA-07,R,0.577,0.175
2008,ME,ME-01,D,-0.483,-0.212
2008,ME,ME-02,D,-0.29,0.272
2008,MD,MD-01,D,0.017,0.455
2008,MD,MD-02,D,-0.262,0.108
2008,MD,MD-03,D,-0.413,-0.198
2008,MD,MD-04,D,-0.551,-0.618
2008,MD,MD-05,D,-0.326,-0.029
2008,MD,MD-06,R,0.728,-0.186
2008,MD,MD-07,D,-0.421,-0.205
2008,MD,MD-08,D,-0.348,-0.328
2008,MA,MA-01,D,-0.624,-0.098
2008,MA,MA-02,D,-0.458,-0.042
2008,MA,MA-03,D,-0.555,-0.172
2008,MA,MA-04,D,-0.556,-0.554
2008,MA,MA-05,D,-0.398,-0.245
2008,MA,MA-06,D,-0.506,-0.316
2008,MA,MA-07,D,-0.558,-0.29
2008,MA,MA-08,D,-0.567,0.125
2008,MA,MA-09,D,-0.373,0.251
2008,MA,MA-10,D,-0.478,-0.258
2008,MI,MI-01,D,-0.409,0.885
2008,MI,MI-02,R,0.777,-0.005
2008,MI,MI-03,R,0.75,-1.017
2008,MI,MI-04,R,0.621,0.04
2008,MI,MI-05,D,-0.367,0.365
2008,MI,MI-06,R,0.623,-0.376
2008,MI,MI-07,D,-0.34,0.94
2008,MI,MI-08,R,0.614,0.058
2008,MI,MI-09,D,-0.272,0.248
2008,MI,MI-10,R,0.571,-0.106
2008,MI,MI-11,R,0.549,0.074
2008,MI,MI-12,D,-0.34,-0.126
2008,MI,MI-13,D,-0.475,-0.257
2008,MI,MI-14,D,-0.614,-0.496
2008,MI,MI-15,D,-0.414,0.394
2008,MN,MN-01,D,-0.281,0.462
2008,MN,MN-02,R,0.736,0.042
2008,MN,MN-03,R,0.694,-0.324
2008,MN,MN-04,D,-0.418,-0.264
2008,MN,MN-05,D,-0.563,-0.713
2008,MN,MN-06,R,0.759,0.124
2008,MN,MN-07,D,-0.169,1.159
2008,MN,MN-08,D,-0.533,0.79
2008,MS,MS-01,D,0.013,0.893
2008,MS,MS-02,D,-0.458,0.501
2008,MS,MS-03,R,0.535,0.439
2008,MS,MS-04,D,-0.143,1.329
2008,MO,MO-01,D,-0.519,-0.12
2008,MO,MO-02,R,0.754,0.28
2008,MO,MO-03,D,-0.319,-0.002
2008,MO,MO-04,D,-0.199,0.737
2008,MO,MO-05,D,-0.432,-0.099
2008,MO,MO-06,R,0.601,0.335
2008,MO,MO-07,R,0.665,0.108
2008,MO,MO-08,R,0.404,0.288
2008,MO,MO-09,R,0.64,0.207
2008,MT,MT-01,R,0.514,0.15
2008,NE,NE-01,R,0.489,-0.086
2008,NE,NE-02,R,0.66,-0.095
2008,NE,NE-03,R,0.679,0.178
2008,NV,NV-01,D,-0.28,0.057
2008,NV,NV-02,R,0.751,-0.343
2008,NV,NV-03,D,-0.24,0.451
2008,NH,NH-01,D,-0.314,0.11
2008,NH,NH-02,D,-0.287,0.521
2008,NJ,NJ-01,D,-0.367,-0.115
2008,NJ,NJ-02,R,0.438,-0.396
2008,NJ,NJ-03,D,-0.124,0.887
2008,NJ,NJ-04,R,0.36,-0.107
2008,NJ,NJ-05,R,0.907,-0.006
2008,NJ,NJ-06,D,-0.54,0.029
2008,NJ,NJ-07,R,0.633,-0.485
2008,NJ,NJ-08,D,-0.389,0.032
2008,NJ,NJ-09,D,-0.353,-0.16
2008,NJ,NJ-10,D,-0.581,-0.584
2008,NJ,NJ-11,R,0.601,-0.452
2008,NJ,NJ-12,D,-0.5,-0.301
2008,NJ,NJ-13,D,-0.379,0.104
2008,NM,NM-01,D,-0.262,0.103
2008,NM,NM-02,D,-0.16,0.975
2008,NM,NM-03,D,-0.346,0.06
2008,NY,NY-01,D,-0.313,-0.037
2008,NY,NY-02,D,-0.33,-0.096
2008,NY,NY-03,R,0.497,-0.131
2008,NY,NY-04,D,-0.28,-0.039
2008,NY,NY-05,D,-0.371,-0.23
2008,NY,NY-06,D,-0.36,-0.217
2008,NY,NY-07,D,-0.405,-0.145
2008,NY,NY-08,D,-0.489,-0.585
2008,NY,NY-09,D,-0.41,-0.397
2008,NY,NY-10,D,-0.478,-0.094
2008,NY,NY-11,D,-0.586,-0.374
2008,NY,NY-12,D,-0.539,-0.372
2008,NY,NY-13,D,-0.188,0.824
2008,NY,NY-14,D,-0.388,-0.37
2008,NY,NY-15,D,-0.432,-0.394
2008,NY,NY-16,D,-0.499,-0.532
2008,NY,NY-17,D,-0.343,-0.202
2008,NY,NY-18,D,-0.342,-0.288
2008,NY,NY-19,D,-0.311,0.189
2008,NY,NY-20,D,-0.081,0.564
2008,NY,NY-21,D,-0.419,-0.282
2008,NY,NY-22,D,-0.58,0.122
2008,NY,NY-23,R,0.362,-0.077
2008,NY,NY-23,D,-0.178,0.742
2008,NY,NY-24,D,-0.196,0.594
2008,NY,NY-25,D,-0.226,0.237
2008,NY,NY-26,R,0.518,0.039
2008,NY,NY-27,D,-0.318,0.146
2008,NY,NY-28,D,-0.565,0.007
2008,NY,NY-29,D,-0.25,0.812
2008,NY,NY-29,R,0.617,-0.136
2008,NC,NC-01,D,-0.365,0.211
2008,NC,NC-02,D,-0.275,0.318
2008,NC,NC-03,R,0.147,0.663
2008,NC,NC-04,D,-0.394,-0.047
2008,NC,NC-05,R,0.765,0.453
2008,NC,NC-06,R,0.762,0.303
2008,NC,NC-07,D,-0.141,0.785
2008,NC,NC-08,D,-0.161,0.627
2008,NC,NC-09,R,0.77,0.042
2008,NC,NC-10,R,0.765,0.168
2008,NC,NC-11,D,-0.048,0.649
2008,NC,NC-12,D,-0.472,-0.323
2008,NC,NC-13,D,-0.361,0.006
2008,ND,ND-01,D,-0.225,0.394
2008,OH,OH-01,D,-0.162,0.445
2008,OH,OH-02,R,0.674,-0.027
2008,OH,OH-03,R,0.448,-0.015
2008,OH,OH-04,R,0.817,0.28
2008,OH,OH-05,R,0.655,0.32
2008,OH,OH-06,D,-0.285,0.596
2008,OH,OH-07,R,0.537,0.238
2008,OH,OH-08,R,0.739,0.118
2008,OH,OH-09,D,-0.392,0.372
2008,OH,OH-10,D,-0.731,0.518
2008,OH,OH-11,D,-0.543,-0.177
2008,OH,OH-12,R,0.618,-0.172
2008,OH,OH-13,D,-0.426,0.237
2008,OH,OH-14,R,0.422,-0.131
2008,OH,OH-15,D,-0.284,-0.234
2008,OH,OH-16,D,-0.184,0.698
2008,OH,OH-17,D,-0.41,0.437
2008,OH,OH-18,D,-0.151,0.7
2008,OK,OK-01,R,0.697,0.147
2008,OK,OK-02,D,-0.07,0.988
2008,OK,OK-03,R,0.508,0.333
2008,OK,OK-04,R,0.5,0.266
2008,OK,OK-05,R,0.611,0.175
2008,OR,OR-01,D,-0.399,0.296
2008,OR,OR-02,R,0.589,-0.165
2008,OR,OR-03,D,-0.492,-0.899
2008,OR,OR-04,D,-0.534,0.841
2008,OR,OR-05,D,-0.233,0.475
2008,PA,PA-01,D,-0.446,0.293
2008,PA,PA-02,D,-0.395,-0.13
2008,PA,PA-03,D,-0.179,0.707
2008,PA,PA-04,D,-0.137,0.975
2008,PA,PA-05,R,0.458,0.379
2008,PA,PA-06,R,0.445,-0.254
2008,PA,PA-07,D,-0.23,-0.031
2008,PA,PA-08,D,-0.227,0.73
2008,PA,PA-09,R,0.517,0.301
2008,PA,PA-10,D,-0.12,0.844
2008,PA,PA-11,D,-0.32,0.54
2008,PA,PA-12,D,-0.221,0.539
2008,PA,PA-12,D,-0.278,0.961
2008,PA,PA-13,D,-0.313,-0.002
2008,PA,PA-14,D,-0.381,0.302
2008,PA,PA-15,R,0.448,-0.257
2008,PA,PA-16,R,0.766,-0.001
2008,PA,PA-17,D,-0.23,0.788
2008,PA,PA-18,R,0.387,0.204
2008,PA,PA-19,R,0.465,-0.205
2008,RI,RI-01,D,-0.389,-0.041
2008,RI,RI-02,D,-0.356,0.117
2008,SC,SC-01,R,0.536,0.289
2008,SC,SC-02,R,0.778,0.018
2008,SC,SC-03,R,0.826,0.066
2008,SC,SC-04,R,0.849,-0.256
2008,SC,SC-05,D,-0.31,0.31
2008,SC,SC-06,D,-0.415,0.21
2008,SD,SD-01,D,-0.174,0.713
2008,TN,TN-01,R,0.702,-0.037
2008,TN,TN-02,R,0.926,0.046
2008,TN,TN-03,R,0.636,0.117
2008,TN,TN-04,D,-0.177,0.84
2008,TN,TN-05,D,-0.225,0.627
2008,TN,TN-06,D,-0.158,0.492
2008,TN,TN-07,R,0.787,0.153
2008,TN,TN-08,D,-0.238,0.85
2008,TN,TN-09,D,-0.411,-0.431
2008,TX,TX-01,R,0.682,0.377
2008,TX,TX-02,R,0.671,0.574
2008,TX,TX-03,R,0.75,0.397
2008,TX,TX-04,R,0.607,0.314
2008,TX,TX-05,R,0.887,0.124
2008,TX,TX-06,R,0.691,0.211
2008,TX,TX-07,R,0.6,0.499
2008,TX,TX-08,R,0.721,0.263
2008,TX,TX-09,D,-0.383,0.357
2008,TX,TX-10,R,0.62,0.095
2008,TX,TX-11,R,0.71,0.455
2008,TX,TX-12,R,0.606,0.17
2008,TX,TX-13,R,0.733,0.283
2008,TX,TX-14,R,1.226,-0.519
2008,TX,TX-15,D,-0.319,0.346
2008,TX,TX-16,D,-0.315,0.333
2008,TX,TX-17,D,-0.217,0.53
2008,TX,TX-18,D,-0.462,0.197
2008,TX,TX-19,R,0.774,0.378
2008,TX,TX-20,D,-0.306,0.363
2008,TX,TX-21,R,0.588,0.228
2008,TX,TX-22,R,0.668,0.324
2008,TX,TX-23,D,-0.3,0.317
2008,TX,TX-24,R,0.713,0.371
2008,TX,TX-25,D,-0.43,-0.209
2008,TX,TX-26,R,0.778,0.067
2008,TX,TX-27,D,-0.238,0.534
2008,TX,TX-28,D,-0.192,0.747
2008,TX,TX-29,D,-0.322,0.822
2008,TX,TX-30,D,-0.46,0.152
2008,TX,TX-31,R,0.571,0.537
2008,TX,TX-32,R,0.78,0.176
2008,UT,UT-01,R,0.715,0.178
2008,UT,UT-02,D,-0.096,1
2008,UT,UT-03,R,0.963,-0.269
2008,VT,VT-01,D,-0.474,0.152
2008,VA,VA-01,R,0.585,-0.046
2008,VA,VA-02,D,-0.025,0.863
2008,VA,VA-03,D,-0.425,-0.123
2008,VA,VA-04,R,0.575,0.179
2008,VA,VA-05,D,-0.099,0.563
2008,VA,VA-06,R,0.724,0.152
2008,VA,VA-07,R,0.744,0.042
2008,VA,VA-08,D,-0.326,-0.398
2008,VA,VA-09,D,-0.188,0.231
2008,VA,VA-10,R,0.489,-0.061
2008,VA,VA-11,D,-0.27,0.111
2008,WA,WA-01,D,-0.363,-0.172
2008,WA,WA-02,D,-0.34,0.315
2008,WA,WA-03,D,-0.277,0.623
2008,WA,WA-04,R,0.583,0.277
2008,WA,WA-05,R,0.598,0.158
2008,WA,WA-06,D,-0.29,0.029
2008,WA,WA-07,D,-0.71,-0.065
2008,WA,WA-08,R,0.48,-0.59
2008,WA,WA-09,D,-0.25,-0.084
2008,WV,WV-01,D,-0.286,0.604
2008,WV,WV-02,R,0.456,-0.01
2008,WV,WV-03,D,-0.322,0.852
2008,WI,WI-01,R,0.846,-0.228
2008,WI,WI-02,D,-0.554,-0.137
2008,WI,WI-03,D,-0.29,0.372
2008,WI,WI-04,D,-0.538,-0.458
2008,WI,WI-05,R,1.154,-0.446
2008,WI,WI-06,R,0.737,-0.005
2008,WI,WI-07,D,-0.446,0.201
2008,WI,WI-08,D,-0.338,0.475
2008,WY,WY-01,R,0.932,-0.211
2010,HI,HI-00,D,-0.286,-0.121
2010,AL,AL-01,R,0.46,0.472
2010,AL,AL-02,R,0.443,0.631
2010,AL,AL-03,R,0.426,0.413
2010,AL,AL-04,R,0.467,0.397
2010,AL,AL-05,R,0.797,-0.044
2010,AL,AL-06,R,0.586,0.191
2010,AL,AL-07,D,-0.306,0.351
2010,AK,AK-01,R,0.511,0.157
2010,AZ,AZ-01,R,0.726,0.003
2010,AZ,AZ-02,R,0.855,0.182
2010,AZ,AZ-03,R,0.824,0.454
2010,AZ,AZ-04,D,-0.454,0.177
2010,AZ,AZ-05,R,0.889,-0.072
2010,AZ,AZ-06,R,1.013,0.118
2010,AZ,AZ-07,D,-0.586,-0.254
2010,AZ,AZ-08,D,-0.257,0.256
2010,AR,AR-01,R,0.421,0.574
2010,AR,AR-02,R,0.574,0.35
2010,AR,AR-03,R,0.412,0.541
2010,AR,AR-04,D,-0.09,0.924
2010,CA,CA-01,D,-0.418,0.334
2010,CA,CA-02,R,0.731,0.35
2010,CA,CA-03,R,0.712,0.072
2010,CA,CA-04,R,0.994,-0.111
2010,CA,CA-05,D,-0.428,-0.274
2010,CA,CA-06,D,-0.671,-0.67
2010,CA,CA-07,D,-0.657,-0.048
2010,CA,CA-08,D,-0.398,-0.319
2010,CA,CA-09,D,-0.694,-0.672
2010,CA,CA-10,D,-0.384,-0.044
2010,CA,CA-11,D,-0.225,0.18
2010,CA,CA-12,D,-0.48,-0.009
2010,CA,CA-13,D,-0.715,-0.52
2010,CA,CA-14,D,-0.369,-0.539
2010,CA,CA-15,D,-0.562,-0.546
2010,CA,CA-16,D,-0.42,-0.566
2010,CA,CA-17,D,-0.507,-0.312
2010,CA,CA-18,D,-0.233,0.891
2010,CA,CA-19,R,0.572,0.293
2010,CA,CA-20,D,-0.192,0.758
2010,CA,CA-21,R,0.711,0.285
2010,CA,CA-22,R,0.652,0.121
2010,CA,CA-23,D,-0.451,-0.335
2010,CA,CA-24,R,0.59,0.236
2010,CA,CA-25,R,0.62,0.1
2010,CA,CA-26,R,0.598,0.025
2010,CA,CA-27,D,-0.391,-0.199
2010,CA,CA-28,D,-0.339,-0.365
2010,CA,CA-29,D,-0.323,-0.196
2010,CA,CA-30,D,-0.464,-0.459
2010,CA,CA-31,D,-0.434,-0.308
2010,CA,CA-32,D,-0.502,-0.566
2010,CA,CA-33,D,-0.532,-0.254
2010,CA,CA-34,D,-0.407,-0.347
2010,CA,CA-35,D,-0.594,-0.027
2010,CA,CA-36,D,-0.31,-0.106
2010,CA,CA-36,D,-0.46,-0.183
2010,CA,CA-37,D,-0.326,0.034
2010,CA,CA-38,D,-0.504,-0.32
2010,CA,CA-39,D,-0.512,-0.296
2010,CA,CA-40,R,0.923,-0.107
2010,CA,CA-41,R,0.562,0.116
2010,CA,CA-42,R,0.63,0.31
2010,CA,CA-43,D,-0.346,0.327
2010,CA,CA-44,R,0.565,0.195
2010,CA,CA-45,R,0.691,-0.313
2010,CA,CA-46,R,0.96,-0.243
2010,CA,CA-47,D,-0.391,0.074
2010,CA,CA-48,R,0.984,-0.18
2010,CA,CA-49,R,0.832,0.038
2010,CA,CA-50,R,0.842,-0.562
2010,CA,CA-51,D,-0.654,0.152
2010,CA,CA-52,R,0.667,0.285
2010,CA,CA-53,D,-0.308,-0.208
2010,CO,CO-01,D,-0.395,-0.36
2010,CO,CO-02,D,-0.327,-0.556
2010,CO,CO-03,R,0.664,-0.086
2010,CO,CO-04,R,0.696,0.172
2010,CO,CO-05,R,0.842,0.3
2010,CO,CO-06,R,0.766,-0.01
2010,CO,CO-07,D,-0.286,0.435
2010,CT,CT-01,D,-0.434,-0.076
2010,CT,CT-02,D,-0.345,0.199
2010,CT,CT-03,D,-0.446,-0.113
2010,CT,CT-04,D,-0.224,0.05
2010,CT,CT-05,D,-0.29,-0.08
2010,DE,DE-01,D,-0.206,-0.094
2010,FL,FL-01,R,0.814,0.138
2010,FL,FL-02,R,0.803,0.066
2010,FL,FL-03,D,-0.364,0.101
2010,FL,FL-04,R,0.506,0.199
2010,FL,FL-05,R,0.718,0.14
2010,FL,FL-06,R,0.814,0.229
2010,FL,FL-07,R,0.676,0.179
2010,FL,FL-08,R,0.705,-0.018
2010,FL,FL-09,R,0.554,0.059
2010,FL,FL-10,R,0.508,-0.041
2010,FL,FL-11,D,-0.396,-0.025
2010,FL,FL-12,R,0.77,0.225
2010,FL,FL-13,R,0.561,-0.098
2010,FL,FL-14,R,0.803,-0.005
2010,FL,FL-15,R,0.717,-0.146
2010,FL,FL-16,R,0.669,0.131
2010,FL,FL-17,D,-0.429,-0.113
2010,FL,FL-18,R,0.486,-0.103
2010,FL,FL-19,D,-0.405,-0.166
2010,FL,FL-20,D,-0.388,-0.162
2010,FL,FL-21,R,0.362,0.137
2010,FL,FL-22,R,0.675,0.057
2010,FL,FL-23,D,-0.495,0.192
2010,FL,FL-24,R,0.778,0.075
2010,FL,FL-25,R,0.367,0.428
2010,GA,GA-01,R,0.737,0.571
2010,GA,GA-02,D,-0.211,0.536
2010,GA,GA-03,R,0.787,0.441
2010,GA,GA-04,D,-0.433,-0.106
2010,GA,GA-05,D,-0.582,-0.219
2010,GA,GA-06,R,0.816,0.145
2010,GA,GA-07,R,0.956,-0.127
2010,GA,GA-08,R,0.789,0.173
2010,GA,GA-09,R,0.981,0.194
2010,GA,GA-10,R,0.97,0.245
2010,GA,GA-11,R,0.762,0.326
2010,GA,GA-12,D,-0.086,0.663
2010,GA,GA-13,D,-0.346,0.199
2010,HI,HI-01,D,-0.341,-0.085
2010,HI,HI-02,D,-0.492,-0.228
2010,ID,ID-01,R,0.984,-0.18
2010,ID,ID-02,R,0.432,0.218
2010,IL,IL-01,D,-0.406,-0.294
2010,IL,IL-02,D,-0.525,-0.605
2010,IL,IL-03,D,-0.258,0.483
2010,IL,IL-04,D,-0.501,-0.24
2010,IL,IL-05,D,-0.323,-0.433
2010,IL,IL-06,R,0.665,-0.032
2010,IL,IL-07,D,-0.479,-0.415
2010,IL,IL-08,R,0.995,-0.098
2010,IL,IL-09,D,-0.593,-0.232
2010,IL,IL-10,R,0.529,-0.599
2010,IL,IL-11,R,0.448,0.336
2010,IL,IL-12,D,-0.404,1.031
2010,IL,IL-13,R,0.646,-0.493
2010,IL,IL-14,R,0.733,-0.101
2010,IL,IL-15,R,0.968,-1.381
2010,IL,IL-16,R,0.725,0.151
2010,IL,IL-17,R,0.646,-0.148
2010,IL,IL-18,R,0.525,0.058
2010,IL,IL-19,R,0.615,0.156
2010,IN,IN-01,D,-0.437,0.62
2010,IN,IN-02,D,-0.108,0.794
2010,IN,IN-03,R,0.951,0.099
2010,IN,IN-04,R,0.838,0.07
2010,IN,IN-05,R,0.766,0.209
2010,IN,IN-06,R,0.845,0.12
2010,IN,IN-07,D,-0.395,0.075
2010,IN,IN-08,R,0.552,0.303
2010,IN,IN-09,R,0.727,0.216
2010,IA,IA-01,D,-0.353,-0.001
2010,IA,IA-02,D,-0.308,0.237
2010,IA,IA-03,D,-0.266,0.573
2010,IA,IA-04,R,0.475,0.143
2010,IA,IA-05,R,0.72,0.461
2010,KS,KS-01,R,0.966,-0.148
2010,KS,KS-02,R,0.751,-0.032
2010,KS,KS-03,R,0.781,0.131
2010,KS,KS-04,R,0.822,0.36
2010,KY,KY-01,R,0.509,0.178
2010,KY,KY-02,R,0.529,0.206
2010,KY,KY-03,D,-0.367,-0.095
2010,KY,KY-04,R,0.539,0.389
2010,KY,KY-04,R,0.98,0.2
2010,KY,KY-05,R,0.531,0.322
2010,KY,KY-06,D,-0.18,0.649
2010,LA,LA-01,R,0.743,0.174
2010,LA,LA-02,D,-0.439,0.406
2010,LA,LA-03,R,0.858,-0.073
2010,LA,LA-04,R,0.739,0.128
2010,LA,LA-05,R,0.5,0.227
2010,LA,LA-06,R,0.714,-0.168
2010,LA,LA-07,R,0.577,0.175
2010,ME,ME-01,D,-0.483,-0.212
2010,ME,ME-02,D,-0.278,0.265
2010,MD,MD-01,R,0.9,-0.437
2010,MD,MD-02,D,-0.267,0.108
2010,MD,MD-03,D,-0.413,-0.198
2010,MD,MD-04,D,-0.551,-0.618
2010,MD,MD-05,D,-0.321,-0.053
2010,MD,MD-06,R,0.743,-0.234
2010,MD,MD-07,D,-0.421,-0.205
2010,MD,MD-08,D,-0.333,-0.323
2010,MA,MA-01,D,-0.637,-0.091
2010,MA,MA-02,D,-0.468,-0.045
2010,MA,MA-03,D,-0.564,-0.172
2010,MA,MA-04,D,-0.563,-0.557
2010,MA,MA-05,D,-0.398,-0.245
2010,MA,MA-06,D,-0.503,-0.289
2010,MA,MA-07,D,-0.565,-0.275
2010,MA,MA-08,D,-0.563,0.108
2010,MA,MA-09,D,-0.376,0.246
2010,MA,MA-10,D,-0.406,0.008
2010,MI,MI-01,R,0.897,-0.295
2010,MI,MI-02,R,0.89,-0.065
2010,MI,MI-03,R,0.997,-0.079
2010,MI,MI-04,R,0.646,0.054
2010,MI,MI-05,D,-0.366,0.409
2010,MI,MI-06,R,0.652,-0.356
2010,MI,MI-07,R,0.68,0.252
2010,MI,MI-08,R,0.629,0.08
2010,MI,MI-09,D,-0.272,0.248
2010,MI,MI-10,R,0.626,-0.175
2010,MI,MI-11,R,0.601,0.001
2010,MI,MI-11,D,-0.398,0.868
2010,MI,MI-12,D,-0.337,-0.126
2010,MI,MI-13,D,-0.491,-0.184
2010,MI,MI-14,D,-0.61,-0.487
2010,MI,MI-15,D,-0.412,0.394
2010,MN,MN-01,D,-0.281,0.462
2010,MN,MN-02,R,0.759,0.061
2010,MN,MN-03,R,0.694,-0.324
2010,MN,MN-04,D,-0.414,-0.261
2010,MN,MN-05,D,-0.563,-0.713
2010,MN,MN-06,R,0.759,0.124
2010,MN,MN-07,D,-0.175,1.202
2010,MN,MN-08,R,0.562,0.155
2010,MS,MS-01,R,0.588,0.532
2010,MS,MS-02,D,-0.447,0.502
2010,MS,MS-03,R,0.535,0.439
2010,MS,MS-04,R,0.522,0.674
2010,MO,MO-01,D,-0.531,-0.135
2010,MO,MO-02,R,0.746,0.324
2010,MO,MO-03,D,-0.319,-0.002
2010,MO,MO-04,R,0.65,0.399
2010,MO,MO-05,D,-0.432,-0.099
2010,MO,MO-06,R,0.622,0.333
2010,MO,MO-07,R,0.743,0.469
2010,MO,MO-08,R,0.41,0.281
2010,MO,MO-09,R,0.64,0.207
2010,MT,MT-01,R,0.512,0.176
2010,NE,NE-01,R,0.489,-0.086
2010,NE,NE-02,R,0.67,-0.097
2010,NE,NE-03,R,0.679,0.178
2010,NV,NV-01,D,-0.276,0.078
2010,NV,NV-02,R,0.751,-0.343
2010,NV,NV-02,R,0.674,0.028
2010,NV,NV-03,R,0.54,-0.003
2010,NH,NH-01,R,0.623,0.117
2010,NH,NH-02,R,0.642,-0.808
2010,NJ,NJ-01,D,-0.389,-0.114
2010,NJ,NJ-02,R,0.446,-0.386
2010,NJ,NJ-03,R,0.386,0.16
2010,NJ,NJ-04,R,0.385,-0.107
2010,NJ,NJ-05,R,0.943,-0.012
2010,NJ,NJ-06,D,-0.573,0.033
2010,NJ,NJ-07,R,0.633,-0.485
2010,NJ,NJ-08,D,-0.403,0.003
2010,NJ,NJ-09,D,-0.358,-0.16
2010,NJ,NJ-10,D,-0.577,-0.593
2010,NJ,NJ-10,D,-0.42,-0.56
2010,NJ,NJ-11,R,0.624,-0.385
2010,NJ,NJ-12,D,-0.516,-0.353
2010,NJ,NJ-13,D,-0.379,0.104
2010,NM,NM-01,D,-0.262,0.103
2010,NM,NM-02,R,0.658,0.058
2010,NM,NM-03,D,-0.346,0.06
2010,NY,NY-01,D,-0.303,-0.028
2010,NY,NY-02,D,-0.351,-0.09
2010,NY,NY-03,R,0.514,-0.123
2010,NY,NY-04,D,-0.284,-0.018
2010,NY,NY-05,D,-0.363,-0.231
2010,NY,NY-06,D,-0.34,-0.208
2010,NY,NY-07,D,-0.412,-0.204
2010,NY,NY-08,D,-0.482,-0.579
2010,NY,NY-09,D,-0.41,-0.397
2010,NY,NY-09,R,0.432,0.295
2010,NY,NY-10,D,-0.471,-0.084
2010,NY,NY-11,D,-0.586,-0.374
2010,NY,NY-12,D,-0.534,-0.372
2010,NY,NY-13,R,0.418,0.104
2010,NY,NY-14,D,-0.388,-0.37
2010,NY,NY-15,D,-0.423,-0.396
2010,NY,NY-16,D,-0.501,-0.547
2010,NY,NY-17,D,-0.331,-0.201
2010,NY,NY-18,D,-0.335,-0.287
2010,NY,NY-19,R,0.58,-0.409
2010,NY,NY-20,R,0.561,-0.828
2010,NY,NY-21,D,-0.419,-0.282
2010,NY,NY-22,D,-0.582,0.147
2010,NY,NY-23,D,-0.178,0.742
2010,NY,NY-24,R,0.57,-0.537
2010,NY,NY-25,R,0.729,0.279
2010,NY,NY-26,D,-0.223,0.525
2010,NY,NY-27,D,-0.318,0.146
2010,NY,NY-28,D,-0.585,0.013
2010,NY,NY-29,R,0.617,-0.136
2010,NC,NC-01,D,-0.37,0.21
2010,NC,NC-02,R,0.571,0.471
2010,NC,NC-03,R,0.107,0.663
2010,NC,NC-04,D,-0.412,-0.061
2010,NC,NC-05,R,0.765,0.453
2010,NC,NC-06,R,0.786,0.329
2010,NC,NC-07,D,-0.138,0.785
2010,NC,NC-08,D,-0.161,0.627
2010,NC,NC-09,R,0.784,0.048
2010,NC,NC-10,R,0.765,0.168
2010,NC,NC-11,D,-0.048,0.649
2010,NC,NC-12,D,-0.456,-0.323
2010,NC,NC-13,D,-0.371,0.006
2010,ND,ND-01,R,0.483,0.336
2010,OH,OH-01,R,0.81,-0.123
2010,OH,OH-02,R,0.674,-0.027
2010,OH,OH-03,R,0.438,0.03
2010,OH,OH-04,R,0.817,0.28
2010,OH,OH-05,R,0.655,0.32
2010,OH,OH-06,R,0.664,0.141
2010,OH,OH-07,R,0.537,0.238
2010,OH,OH-09,D,-0.398,0.39
2010,OH,OH-10,D,-0.779,0.515
2010,OH,OH-11,D,-0.543,-0.177
2010,OH,OH-12,R,0.618,-0.172
2010,OH,OH-13,D,-0.426,0.237
2010,OH,OH-14,R,0.438,-0.121
2010,OH,OH-15,R,0.46,0.109
2010,OH,OH-16,R,0.665,-0.144
2010,OH,OH-17,D,-0.42,0.444
2010,OH,OH-18,R,0.563,0.381
2010,OK,OK-01,R,0.701,0.148
2010,OK,OK-02,D,-0.07,0.988
2010,OK,OK-03,R,0.512,0.333
2010,OK,OK-04,R,0.464,0.376
2010,OK,OK-05,R,0.703,0.194
2010,OR,OR-01,D,-0.406,0.285
2010,OR,OR-01,D,-0.412,-0.379
2010,OR,OR-02,R,0.613,-0.178
2010,OR,OR-03,D,-0.506,-0.925
2010,OR,OR-04,D,-0.543,0.921
2010,OR,OR-05,D,-0.233,0.475
2010,PA,PA-01,D,-0.437,0.271
2010,PA,PA-02,D,-0.373,-0.124
2010,PA,PA-03,R,0.408,0.504
2010,PA,PA-04,D,-0.137,0.975
2010,PA,PA-05,R,0.458,0.379
2010,PA,PA-06,R,0.48,-0.247
2010,PA,PA-07,R,0.356,0.107
2010,PA,PA-08,R,0.431,-0.46
2010,PA,PA-09,R,0.509,0.307
2010,PA,PA-10,R,0.471,0.597
2010,PA,PA-11,R,0.381,0.383
2010,PA,PA-12,D,-0.278,0.961
2010,PA,PA-13,D,-0.313,-0.002
2010,PA,PA-14,D,-0.407,0.291
2010,PA,PA-15,R,0.448,-0.257
2010,PA,PA-16,R,0.783,-0.002
2010,PA,PA-17,D,-0.235,0.823
2010,PA,PA-18,R,0.392,0.245
2010,PA,PA-19,R,0.484,-0.24
2010,RI,RI-01,D,-0.405,-0.195
2010,RI,RI-02,D,-0.356,0.067
2010,SC,SC-01,R,0.867,0.094
2010,SC,SC-02,R,0.797,0.022
2010,SC,SC-03,R,0.919,0.078
2010,SC,SC-04,R,0.892,0.061
2010,SC,SC-05,R,1,0.03
2010,SC,SC-06,D,-0.404,0.188
2010,SD,SD-01,R,0.493,0.385
2010,TN,TN-01,R,0.702,-0.037
2010,TN,TN-02,R,0.963,0.01
2010,TN,TN-03,R,0.615,0.389
2010,TN,TN-04,R,0.661,0.323
2010,TN,TN-05,D,-0.235,0.677
2010,TN,TN-06,R,0.685,0.46
2010,TN,TN-07,R,0.792,0.168
2010,TN,TN-08,R,0.698,0.198
2010,TN,TN-09,D,-0.411,-0.431
2010,TX,TX-01,R,0.682,0.377
2010,TX,TX-02,R,0.671,0.574
2010,TX,TX-03,R,0.764,0.393
2010,TX,TX-04,R,0.636,0.32
2010,TX,TX-05,R,0.879,0.182
2010,TX,TX-06,R,0.702,0.212
2010,TX,TX-07,R,0.583,0.555
2010,TX,TX-08,R,0.745,0.272
2010,TX,TX-09,D,-0.383,0.357
2010,TX,TX-10,R,0.62,0.095
2010,TX,TX-11,R,0.71,0.455
2010,TX,TX-12,R,0.618,0.226
2010,TX,TX-13,R,0.749,0.291
2010,TX,TX-14,R,1.293,-0.549
2010,TX,TX-15,D,-0.323,0.376
2010,TX,TX-16,D,-0.321,0.333
2010,TX,TX-17,R,0.691,0.581
2010,TX,TX-18,D,-0.468,0.227
2010,TX,TX-19,R,0.803,0.393
2010,TX,TX-20,D,-0.304,0.436
2010,TX,TX-21,R,0.604,0.249
2010,TX,TX-22,R,0.668,0.324
2010,TX,TX-23,R,0.634,0.627
2010,TX,TX-24,R,0.713,0.371
2010,TX,TX-25,D,-0.434,-0.202
2010,TX,TX-26,R,0.865,-0.095
2010,TX,TX-27,R,0.686,0.326
2010,TX,TX-28,D,-0.192,0.747
2010,TX,TX-29,D,-0.322,0.884
2010,TX,TX-30,D,-0.457,0.13
2010,TX,TX-31,R,0.536,0.661
2010,TX,TX-32,R,0.798,0.174
2010,UT,UT-01,R,0.745,0.165
2010,UT,UT-02,D,-0.085,1.092
2010,UT,UT-03,R,0.963,-0.269
2010,VT,VT-01,D,-0.474,0.152
2010,VA,VA-01,R,0.585,-0.046
2010,VA,VA-02,R,0.731,-0.251
2010,VA,VA-03,D,-0.417,-0.171
2010,VA,VA-04,R,0.587,0.152
2010,VA,VA-05,R,0.788,0.023
2010,VA,VA-06,R,0.752,0.144
2010,VA,VA-07,R,0.761,0.053
2010,VA,VA-08,D,-0.337,-0.439
2010,VA,VA-09,R,0.857,-0.399
2010,VA,VA-10,R,0.509,-0.049
2010,VA,VA-11,D,-0.27,0.111
2010,WA,WA-01,D,-0.38,-0.176
2010,WA,WA-01,D,-0.281,-0.008
2010,WA,WA-02,D,-0.329,0.264
2010,WA,WA-03,R,0.722,-0.423
2010,WA,WA-04,R,0.588,0.288
2010,WA,WA-05,R,0.598,0.158
2010,WA,WA-06,D,-0.289,0.014
2010,WA,WA-07,D,-0.722,-0.059
2010,WA,WA-08,R,0.48,-0.59
2010,WA,WA-09,D,-0.253,-0.084
2010,WV,WV-01,R,0.397,0.28
2010,WV,WV-02,R,0.482,0.005
2010,WV,WV-03,D,-0.323,0.894
2010,WI,WI-01,R,0.873,-0.219
2010,WI,WI-02,D,-0.554,-0.137
2010,WI,WI-03,D,-0.294,0.464
2010,WI,WI-04,D,-0.538,-0.458
2010,WI,WI-05,R,1.2,-0.438
2010,WI,WI-06,R,0.776,-0.003
2010,WI,WI-07,R,0.781,-0.27
2010,WI,WI-08,R,0.886,-0.193
2010,WY,WY-01,R,0.932,-0.211
